1,25,0
2,25,21
3,25,79
4,25,726
5,25,24
6,25,0
7,25,0
8,25,0
9,25,26
10,25,9
11,25,30
12,25,0
13,25,9
14,25,6
15,25,0
16,32,9578
17,25,0
18,25,150
19,25,0
20,25,72
21,25,0
22,25,158
23,25,117
24,25,0
25,25,0
26,25,0
27,25,0
28,25,0
29,25,54
30,25,64
31,25,0
32,25,263
33,25,3
34,25,0
35,25,79
36,25,0
37,25,21
38,25,9
39,25,0
40,25,71
41,25,4
42,25,29
43,25,0
44,25,0
45,25,110
46,25,0
47,25,53
48,25,0
49,25,6
50,25,3
51,25,38
52,25,26
53,25,0
54,25,0
55,25,8
56,25,0
57,25,0
58,25,0
59,25,0
60,25,0
61,25,0
62,25,140
63,25,0
64,25,0
65,25,0
66,25,26
67,26,1437
68,25,182
69,25,51
70,25,11
71,25,17
72,25,0
73,25,13
74,25,0
75,25,71
76,25,0
77,25,4
78,25,42
79,25,21
80,25,39
81,25,0
82,25,0
83,25,16
84,25,0
85,25,0
86,25,0
87,25,115
88,25,0
89,25,0
90,25,21
91,25,0
92,25,0
93,25,0
94,25,0
95,25,0
96,25,80
97,25,38
98,25,0
99,25,0
100,25,3
101,25,0
102,25,9
103,25,0
104,25,0
105,25,0
106,25,0
107,25,47
108,25,28
109,25,3
110,25,249
111,25,0
112,25,0
113,25,0
114,25,0
115,25,0
116,25,0
117,25,0
118,25,0
119,25,19
120,25,340
121,25,0
122,25,13
123,25,24
124,25,81
125,25,26
126,25,4
127,25,0
128,25,341
129,25,515
130,25,461
131,25,13
132,25,43
133,25,6
134,25,58
135,25,9
136,25,160
137,25,322
138,25,0
139,25,25
140,25,0
141,25,202
142,25,0
143,26,1127
144,25,0
145,25,0
146,25,13
147,25,17
148,25,72
149,25,0
150,25,267
151,25,15
152,25,32
153,25,0
154,25,0
155,25,80
156,25,32
157,25,98
158,25,161
159,25,26
160,25,43
161,26,1246
162,25,0
163,25,13
164,25,127
165,25,0
166,25,0
167,25,0
168,25,0
169,25,0
170,25,0
171,25,0
172,25,17
173,25,24
174,26,958
175,26,1674
176,25,0
177,25,148
178,25,19
179,25,24
180,25,0
181,25,0
182,25,0
183,25,0
184,25,0
185,25,0
186,25,0
187,25,0
188,25,148
189,25,0
190,25,0
191,25,0
192,25,0
193,25,25
194,25,66
195,25,40
196,25,11
197,25,35
198,25,0
199,25,0
200,25,0
201,25,0
202,25,0
203,25,9
204,25,0
205,25,160
206,25,166
207,25,606
208,25,13
209,25,0
210,25,105
211,25,80
212,25,0
213,25,0
214,25,0
215,25,0
216,25,5
217,25,54
218,25,0
219,25,263
220,25,6
221,25,0
222,25,17
223,25,0
224,25,0
225,25,0
226,25,58
227,25,43
228,25,0
229,26,1630
230,25,0
231,25,160
232,25,3
233,25,0
234,25,26
235,25,119
236,25,19
237,25,334
238,25,6
239,25,0
240,25,0
241,25,32
242,25,0
243,25,211
244,25,0
245,25,0
246,25,3
247,25,0
248,25,0
249,25,319
250,25,8
251,25,0
252,25,86
253,25,17
254,25,0
255,25,0
256,25,26
257,25,66
258,25,0
259,25,69
260,25,0
261,25,0
262,25,0
263,25,0
264,26,1225
265,25,0
266,25,0
267,27,2580
268,26,1600
269,25,9
270,25,0
271,25,105
272,25,69
273,25,92
274,25,14
275,25,159
276,25,0
277,25,0
278,25,98
279,25,3
280,25,36
281,25,0
282,25,0
283,25,0
284,25,8
285,25,0
286,25,0
287,25,0
288,25,540
289,25,13
290,25,0
291,25,13
292,25,0
293,25,43
294,25,0
295,25,0
296,25,59
297,25,47
298,25,0
299,25,0
300,25,0
301,25,0
302,25,13
303,25,0
304,25,603
305,25,62
306,25,0
307,25,0
308,25,0
309,25,26
310,25,0
311,25,0
312,25,0
313,25,0
314,25,0
315,25,26
316,25,97
317,25,30
318,25,117
319,26,1525
320,25,0
321,25,0
322,25,13
323,25,0
324,25,0
325,25,62
326,25,0
327,25,0
328,25,90
329,25,11
330,25,140
331,25,0
332,25,13
333,25,32
334,25,0
335,25,38
336,25,0
337,25,0
338,25,54
339,25,8
340,25,13
341,25,0
342,25,43
343,25,58
344,25,0
345,25,6
346,25,0
347,25,0
348,25,499
349,25,23
350,25,38
351,25,0
352,25,26
353,25,26
354,25,0
355,25,70
356,25,0
357,25,371
358,25,0
359,25,0
360,25,0
361,25,128
362,25,13
363,25,0
364,25,5
365,25,0
366,25,11
367,25,0
368,25,13
369,25,25
370,25,0
371,25,3
372,25,30
373,25,98
374,25,6
375,25,0
376,25,0
377,25,9
378,25,13
379,25,26
380,25,0
381,25,0
382,25,0
383,25,36
384,25,231
385,25,11
386,25,0
387,25,0
388,25,0
389,25,0
390,25,39
391,25,26
392,25,0
393,25,6
394,25,109
395,25,3
396,25,51
397,25,0
398,25,0
399,25,53
400,25,0
401,25,0
402,25,26
403,25,26
404,25,0
405,25,53
406,25,13
407,25,0
408,25,122
409,25,0
410,25,0
411,25,22
412,25,0
413,25,0
414,25,0
415,25,11
416,25,8
417,25,64
418,25,199
419,25,0
420,25,25
421,25,0
422,25,0
423,25,192
424,25,3
425,25,79
426,25,26
427,25,274
428,25,9
429,25,3
430,25,0
431,25,51
432,25,111
433,25,11
434,25,5
435,25,13
436,25,0
437,25,11
438,25,13
439,25,698
440,25,64
441,25,32
442,25,219
443,25,45
444,25,446
445,25,0
446,25,0
447,25,49
448,25,0
449,25,0
450,25,0
451,25,6
452,25,11
453,25,0
454,25,4
455,25,36
456,25,0
457,25,54
458,25,0
459,25,0
460,25,9
461,25,60
462,25,26
463,25,0
464,25,0
465,25,28
466,25,35
467,25,0
468,25,57
469,25,0
470,25,0
471,25,235
472,25,43
473,25,4
474,25,120
475,25,0
476,25,80
477,25,0
478,25,34
479,25,11
480,25,0
481,25,71
482,25,21
483,25,0
484,25,0
485,25,80
486,25,0
487,25,0
488,25,9
489,25,0
490,25,0
491,25,5
492,25,108
493,25,28
494,25,0
495,25,19
496,25,0
497,25,0
498,25,0
499,25,25
500,25,0
501,25,480
502,25,186
503,25,214
504,25,24
505,25,11
506,25,0
507,25,0
508,25,16
509,25,17
510,25,0
511,25,4
512,25,43
513,25,0
514,25,19
515,25,26
516,25,26
517,25,172
518,25,0
519,25,0
520,25,13
521,25,28
522,25,0
523,25,0
524,25,13
525,25,44
526,25,17
527,25,0
528,25,80
529,25,0
530,25,172
531,25,69
532,25,0
533,25,21
534,25,9
535,25,11
536,25,34
537,25,60
538,26,2480
539,25,109
540,25,0
541,25,34
542,25,0
543,25,36
544,25,13
545,25,26
546,25,3
547,25,0
548,25,149
549,25,0
550,25,16
551,25,145
552,25,6
553,25,0
554,25,24
555,25,205
556,25,430
557,25,55
558,25,0
559,25,171
560,25,36
561,25,0
562,25,69
563,25,0
564,25,0
565,25,4
566,25,0
567,25,13
568,25,9
569,25,0
570,25,3
571,25,32
572,25,0
573,25,0
574,25,20
575,25,0
576,25,388
577,25,30
578,25,106
579,25,0
580,25,19
581,25,0
582,25,559
583,25,10
584,25,97
585,25,13
586,25,0
587,25,51
588,25,17
589,25,96
590,25,730
591,25,0
592,25,0
593,25,44
594,26,1656
595,25,127
596,25,0
597,25,174
598,25,9
599,25,0
600,25,9
601,25,539
602,25,0
603,25,0
604,25,0
605,25,0
606,25,11
607,25,11
608,25,11
609,25,265
610,25,0
611,25,0
612,25,0
613,25,5
614,25,116
615,25,36
616,25,141
617,25,62
618,25,80
619,25,191
620,25,13
621,25,876
622,25,0
623,25,42
624,25,277
625,25,0
626,25,0
627,25,13
628,25,43
629,25,0
630,25,136
631,25,0
632,25,328
633,25,213
634,25,11
635,25,3
636,25,43
637,25,0
638,25,0
639,25,21
640,25,80
641,25,0
642,25,14
643,25,0
644,25,0
645,25,743
646,25,0
647,25,0
648,25,219
649,25,0
650,25,5
651,25,28
652,25,119
653,25,0
654,25,13
655,25,0
656,25,319
657,25,0
658,25,0
659,25,9
660,26,1626
661,25,0
662,25,0
663,25,16
664,26,1384
665,25,0
666,25,135
667,25,0
668,25,92
669,25,92
670,25,8
671,25,0
672,25,3
673,26,1093
674,25,11
675,25,0
676,25,35
677,25,69
678,25,43
679,25,3
680,26,2326
681,25,0
682,25,111
683,25,0
684,25,0
685,25,0
686,25,60
687,25,13
688,25,9
689,25,0
690,25,11
691,25,0
692,25,0
693,25,0
694,25,59
695,25,0
696,25,0
697,25,0
698,25,20
699,25,7
700,25,105
701,25,49
702,25,0
703,25,0
704,25,64
705,25,400
706,25,0
707,25,0
708,25,0
709,25,0
710,25,11
711,25,0
712,27,2958
713,25,0
714,25,13
715,25,115
716,25,140
717,25,116
718,26,1842
719,25,368
720,25,15
721,25,0
722,25,0
723,25,0
724,25,172
725,25,4
726,25,0
727,25,13
728,25,11
729,25,31
730,25,0
731,25,0
732,25,19
733,25,0
734,25,0
735,25,319
736,25,64
737,25,26
738,25,51
739,25,0
740,25,0
741,25,0
742,25,75
743,25,0
744,25,39
745,25,0
746,25,0
747,25,0
748,25,3
749,25,56
750,25,58
751,25,36
752,25,25
753,25,0
754,25,8
755,25,0
756,25,0
757,25,0
758,25,0
759,25,0
760,25,27
761,25,261
762,25,8
763,25,3
764,25,0
765,25,0
766,25,0
767,25,0
768,25,0
769,25,0
770,25,72
771,25,86
772,26,970
773,25,0
774,25,0
775,25,0
776,25,0
777,25,0
778,25,136
779,25,0
780,25,3
781,25,0
782,25,45
783,25,116
784,26,1451
785,25,3
786,25,29
787,25,8
788,25,4
789,25,13
790,25,30
791,25,13
792,25,24
793,25,195
794,25,9
795,25,11
796,25,66
797,25,0
798,25,131
799,25,0
800,25,9
801,25,24
802,25,13
803,25,26
804,25,0
805,25,647
806,25,0
807,25,53
808,25,64
809,25,0
810,25,13
811,25,0
812,25,42
813,25,0
814,25,163
815,25,0
816,25,80
817,25,0
818,26,978
819,25,9
820,25,25
821,25,0
822,25,133
823,25,42
824,25,0
825,25,13
826,25,0
827,25,26
828,25,0
829,25,0
830,25,81
831,25,65
832,25,0
833,25,0
834,25,0
835,25,196
836,25,4
837,25,101
838,25,0
839,25,21
840,25,80
841,25,80
842,25,0
843,25,80
844,25,32
845,25,31
846,25,0
847,25,0
848,25,4
849,25,58
850,26,1626
851,25,0
852,25,77
853,25,0
854,25,0
855,25,0
856,25,13
857,25,17
858,25,21
859,25,328
860,25,58
861,25,0
862,25,9
863,25,39
864,25,0
865,25,11
866,25,13
867,25,26
868,25,11
869,25,13
870,25,493
871,25,0
872,25,0
873,25,0
874,25,13
875,25,80
876,25,0
877,25,0
878,25,0
879,25,0
880,25,0
881,25,0
882,25,0
883,25,0
884,25,90
885,25,0
886,25,0
887,25,9
888,25,32
889,26,1719
890,25,0
891,25,13
892,25,26
893,25,21
894,27,3508
895,25,0
896,25,0
897,25,0
898,25,0
899,26,1294
900,25,30
901,25,22
902,25,0
903,25,24
904,26,1311
905,25,11
906,25,0
907,25,0
908,25,4
909,25,6
910,25,11
911,25,127
912,25,0
913,25,72
914,25,0
915,25,48
916,25,54
917,25,184
918,25,0
919,25,51
920,25,0
921,25,0
922,25,0
923,25,5
924,25,0
925,25,56
926,30,7359
927,25,0
928,25,0
929,25,0
930,25,0
931,25,0
932,25,0
933,25,0
934,25,664
935,25,30
936,25,13
937,25,36
938,25,738
939,25,6
940,25,34
941,25,0
942,25,0
943,25,0
944,25,77
945,25,0
946,25,53
947,25,0
948,25,17
949,25,123
950,26,971
951,25,13
952,25,51
953,25,0
954,25,15
955,25,0
956,25,0
957,25,21
958,25,60
959,25,0
960,25,0
961,25,105
962,25,0
963,25,179
964,25,59
965,25,0
966,25,0
967,25,0
968,25,77
969,25,0
970,25,0
971,25,0
972,25,0
973,25,0
974,25,0
975,25,8
976,25,0
977,25,19
978,25,0
979,25,0
980,25,21
981,25,13
982,25,0
983,25,349
984,25,0
985,25,0
986,25,90
987,25,276
988,25,87
989,25,0
990,25,191
991,25,46
992,25,11
993,25,0
994,25,51
995,25,137
996,25,24
997,25,0
998,25,0
999,25,0
1000,25,3
1001,25,0
1002,25,0
1003,25,0
1004,25,26
1005,25,0
1006,25,0
1007,25,19
1008,25,206
1009,25,8
1010,25,204
1011,25,0
1012,25,0
1013,25,5
1014,26,1981
1015,25,0
1016,25,0
1017,25,6
1018,25,38
1019,25,0
1020,25,0
1021,25,0
1022,25,26
1023,25,0
1024,25,0
1025,25,8
1026,25,0
1027,25,0
1028,25,21
1029,25,0
1030,25,336
1031,25,13
1032,25,0
1033,25,32
1034,25,17
1035,25,0
1036,25,0
1037,25,229
1038,25,0
1039,25,0
1040,25,69
1041,25,0
1042,25,0
1043,25,13
1044,25,92
1045,25,0
1046,25,0
1047,25,0
1048,25,17
1049,25,0
1050,25,0
1051,25,0
1052,25,0
1053,25,45
1054,25,0
1055,25,0
1056,25,0
1057,25,17
1058,25,15
1059,25,0
1060,25,13
1061,25,0
1062,25,129
1063,25,0
1064,25,58
1065,25,0
1066,25,39
1067,25,0
1068,25,0
1069,25,213
1070,25,590
1071,25,0
1072,25,0
1073,25,0
1074,25,0
1075,25,0
1076,25,0
1077,25,4
1078,25,26
1079,25,80
1080,25,92
1081,25,34
1082,25,0
1083,25,62
1084,25,176
1085,25,0
1086,25,6
1087,25,0
1088,25,0
1089,25,230
1090,25,27
1091,25,228
1092,25,479
1093,25,130
1094,25,21
1095,25,0
1096,25,28
1097,25,0
1098,25,477
1099,25,0
1100,25,0
1101,25,25
1102,25,0
1103,25,0
1104,25,80
1105,25,126
1106,25,0
1107,25,0
1108,25,21
1109,25,0
1110,25,0
1111,25,0
1112,25,0
1113,25,0
1114,25,21
1115,25,0
1116,25,14
1117,26,1656
1118,25,14
1119,25,21
1120,25,0
1121,26,1626
1122,25,4
1123,25,66
1124,25,4
1125,25,0
1126,25,26
1127,25,24
1128,25,25
1129,25,3
1130,25,149
1131,25,0
1132,25,0
1133,25,82
1134,25,0
1135,25,33
1136,25,132
1137,25,0
1138,25,786
1139,25,0
1140,25,87
1141,25,0
1142,25,27
1143,25,11
1144,25,46
1145,25,0
1146,25,3
1147,25,16
1148,25,0
1149,25,99
1150,25,51
1151,25,11
1152,25,3
1153,25,0
1154,25,9
1155,25,90
1156,25,3
1157,25,15
1158,25,0
1159,25,0
1160,25,0
1161,25,14
1162,25,18
1163,25,26
1164,25,11
1165,25,51
1166,25,11
1167,25,53
1168,25,34
1169,25,0
1170,25,38
1171,25,9
1172,25,3
1173,25,0
1174,25,14
1175,25,9
1176,25,7
1177,25,0
1178,25,3
1179,25,0
1180,25,51
1181,25,0
1182,25,0
1183,25,0
1184,25,0
1185,25,55
1186,25,0
1187,25,0
1188,25,74
1189,25,0
1190,25,49
1191,25,0
1192,25,21
1193,25,0
1194,25,0
1195,25,21
1196,25,43
1197,25,97
1198,26,1707
1199,25,5
1200,25,0
1201,25,13
1202,25,13
1203,25,11
1204,25,32
1205,25,0
1206,25,0
1207,25,0
1208,25,176
1209,25,58
1210,25,0
1211,25,9
1212,25,11
1213,25,38
1214,25,0
1215,25,123
1216,25,0
1217,25,25
1218,25,13
1219,25,0
1220,25,0
1221,25,373
1222,25,57
1223,25,51
1224,25,0
1225,25,0
1226,25,322
1227,25,0
1228,25,9
1229,25,13
1230,25,0
1231,25,35
1232,25,9
1233,25,77
1234,25,17
1235,25,43
1236,25,464
1237,25,3
1238,25,213
1239,25,0
1240,25,5
1241,25,13
1242,25,0
1243,25,21
1244,25,0
1245,27,3200
1246,25,174
1247,25,80
1248,25,81
1249,25,0
1250,25,0
1251,25,58
1252,25,0
1253,25,13
1254,25,0
1255,25,48
1256,25,0
1257,25,0
1258,25,0
1259,25,16
1260,25,0
1261,25,17
1262,25,34
1263,25,165
1264,25,0
1265,25,0
1266,25,0
1267,25,59
1268,25,17
1269,25,24
1270,25,479
1271,25,380
1272,25,17
1273,25,4
1274,25,52
1275,25,0
1276,26,1012
1277,25,15
1278,25,32
1279,25,53
1280,25,43
1281,26,1600
1282,25,0
1283,25,0
1284,25,0
1285,25,26
1286,25,5
1287,26,1583
1288,25,0
1289,25,25
1290,25,0
1291,25,0
1292,25,113
1293,25,396
1294,25,32
1295,25,226
1296,25,24
1297,25,11
1298,25,17
1299,25,25
1300,26,1524
1301,25,64
1302,26,983
1303,25,120
1304,25,0
1305,25,0
1306,25,9
1307,25,97
1308,25,5
1309,25,13
1310,25,18
1311,25,0
1312,25,11
1313,25,0
1314,25,32
1315,25,60
1316,25,10
1317,25,66
1318,25,61
1319,25,90
1320,25,0
1321,25,0
1322,25,0
1323,25,180
1324,25,8
1325,25,13
1326,25,11
1327,25,21
1328,25,83
1329,25,0
1330,25,0
1331,25,0
1332,25,79
1333,25,0
1334,25,13
1335,25,0
1336,25,0
1337,25,54
1338,25,9
1339,25,5
1340,25,0
1341,25,21
1342,25,17
1343,25,0
1344,25,43
1345,25,0
1346,25,0
1347,25,0
1348,25,6
1349,25,0
1350,25,79
1351,25,5
1352,25,398
1353,25,3
1354,25,0
1355,26,1159
1356,25,0
1357,25,74
1358,25,0
1359,25,0
1360,25,0
1361,25,0
1362,25,0
1363,25,0
1364,25,17
1365,25,0
1366,25,17
1367,25,58
1368,25,3
1369,25,58
1370,25,0
1371,25,0
1372,25,94
1373,25,17
1374,25,0
1375,25,0
1376,25,26
1377,25,99
1378,25,53
1379,25,48
1380,25,0
1381,25,11
1382,25,64
1383,25,6
1384,25,0
1385,25,41
1386,25,0
1387,25,0
1388,25,13
1389,25,0
1390,25,244
1391,25,11
1392,25,0
1393,25,0
1394,25,3
1395,25,72
1396,25,86
1397,25,0
1398,25,11
1399,25,8
1400,25,9
1401,25,200
1402,25,0
1403,25,0
1404,25,0
1405,25,0
1406,25,0
1407,25,0
1408,25,17
1409,25,0
1410,25,0
1411,25,0
1412,25,9
1413,25,30
1414,25,235
1415,25,21
1416,25,31
1417,25,0
1418,25,0
1419,25,0
1420,25,38
1421,25,0
1422,25,141
1423,25,80
1424,25,0
1425,25,0
1426,25,506
1427,25,0
1428,25,38
1429,25,36
1430,25,58
1431,25,11
1432,25,77
1433,25,155
1434,25,537
1435,25,0
1436,25,221
1437,25,92
1438,25,56
1439,25,0
1440,25,0
1441,25,0
1442,25,0
1443,25,0
1444,25,0
1445,25,6
1446,25,0
1447,25,0
1448,25,0
1449,25,449
1450,25,25
1451,25,0
1452,25,159
1453,25,0
1454,25,0
1455,27,3701
1456,27,2552
1457,25,39
1458,25,0
1459,25,25
1460,25,0
1461,25,0
1462,25,0
1463,25,51
1464,25,36
1465,25,0
1466,25,0
1467,25,104
1468,25,43
1469,25,537
1470,25,0
1471,25,0
1472,25,28
1473,25,32
1474,25,0
1475,25,172
1476,25,0
1477,25,3
1478,25,94
1479,25,0
1480,25,0
1481,25,0
1482,25,9
1483,25,118
1484,25,172
1485,25,246
1486,25,3
1487,25,0
1488,25,0
1489,25,0
1490,25,116
1491,25,36
1492,25,0
1493,25,0
1494,25,0
1495,25,17
1496,25,0
1497,25,0
1498,25,0
1499,25,26
1500,25,0
1501,25,34
1502,25,0
1503,25,62
1504,25,616
1505,25,0
1506,25,0
1507,25,0
1508,25,46
1509,25,0
1510,25,0
1511,25,21
1512,25,0
1513,25,338
1514,25,0
1515,25,0
1516,25,0
1517,25,110
1518,25,0
1519,25,70
1520,25,0
1521,25,0
1522,25,26
1523,25,285
1524,25,72
1525,25,0
1526,25,0
1527,25,13
1528,25,76
1529,25,0
1530,25,163
1531,25,13
1532,25,0
1533,25,37
1534,25,0
1535,25,0
1536,25,78
1537,25,0
1538,25,0
1539,25,88
1540,25,0
1541,26,1499
1542,25,48
1543,25,11
1544,25,0
1545,25,0
1546,25,0
1547,25,0
1548,25,151
1549,25,0
1550,25,74
1551,25,0
1552,25,58
1553,25,137
1554,25,151
1555,25,69
1556,25,0
1557,25,13
1558,25,82
1559,25,32
1560,25,0
1561,25,55
1562,25,81
1563,25,0
1564,25,26
1565,25,0
1566,25,0
1567,25,0
1568,25,0
1569,25,0
1570,26,1254
1571,25,26
1572,25,0
1573,25,0
1574,25,6
1575,25,0
1576,25,64
1577,25,6
1578,25,0
1579,25,38
1580,25,6
1581,25,0
1582,25,17
1583,25,0
1584,25,9
1585,25,21
1586,25,0
1587,25,0
1588,25,0
1589,25,349
1590,25,105
1591,25,94
1592,25,0
1593,25,0
1594,25,128
1595,25,367
1596,25,146
1597,25,112
1598,25,110
1599,25,0
1600,25,0
1601,25,0
1602,25,188
1603,25,6
1604,25,0
1605,25,5
1606,25,0
1607,25,72
1608,25,0
1609,25,17
1610,25,0
1611,25,0
1612,25,0
1613,25,118
1614,25,213
1615,25,0
1616,25,0
1617,25,26
1618,25,0
1619,25,22
1620,25,0
1621,25,0
1622,25,6
1623,25,0
1624,25,9
1625,25,0
1626,25,0
1627,25,0
1628,25,0
1629,25,0
1630,25,490
1631,25,0
1632,25,0
1633,25,0
1634,25,0
1635,25,0
1636,25,506
1637,25,0
1638,25,0
1639,25,848
1640,25,0
1641,25,835
1642,25,0
1643,25,213
1644,25,328
1645,25,0
1646,25,11
1647,25,715
1648,25,70
1649,25,0
1650,25,0
1651,25,0
1652,25,32
1653,25,0
1654,25,6
1655,25,0
1656,25,0
1657,25,0
1658,25,78
1659,25,49
1660,25,0
1661,25,26
1662,25,0
1663,25,67
1664,26,1621
1665,25,352
1666,25,0
1667,25,16
1668,25,0
1669,25,26
1670,25,0
1671,25,43
1672,25,53
1673,25,3
1674,25,0
1675,25,0
1676,26,1638
1677,25,0
1678,25,8
1679,25,0
1680,25,24
1681,25,21
1682,25,92
1683,25,4
1684,25,0
1685,25,0
1686,25,19
1687,25,0
1688,25,0
1689,25,126
1690,25,5
1691,26,1626
1692,25,0
1693,25,26
1694,25,0
1695,25,0
1696,25,0
1697,25,4
1698,25,0
1699,25,13
1700,25,0
1701,25,0
1702,26,950
1703,25,192
1704,25,9
1705,25,212
1706,25,28
1707,25,11
1708,25,0
1709,25,0
1710,25,105
1711,25,0
1712,25,13
1713,25,756
1714,25,0
1715,25,21
1716,25,69
1717,25,77
1718,27,3226
1719,25,0
1720,25,0
1721,25,0
1722,25,82
1723,25,54
1724,25,30
1725,25,0
1726,25,0
1727,25,152
1728,25,0
1729,26,909
1730,25,16
1731,25,0
1732,25,0
1733,25,0
1734,25,79
1735,25,26
1736,25,0
1737,25,43
1738,25,638
1739,25,0
1740,25,0
1741,25,500
1742,25,0
1743,25,25
1744,25,0
1745,25,128
1746,25,0
1747,25,0
1748,25,40
1749,25,0
1750,25,26
1751,25,69
1752,25,0
1753,25,26
1754,25,17
1755,25,0
1756,25,0
1757,25,0
1758,25,463
1759,25,0
1760,25,0
1761,25,74
1762,25,97
1763,25,0
1764,25,0
1765,25,42
1766,25,0
1767,25,0
1768,25,0
1769,25,86
1770,25,25
1771,25,43
1772,25,0
1773,25,105
1774,25,9
1775,25,0
1776,25,0
1777,25,48
1778,25,0
1779,25,0
1780,25,0
1781,25,6
1782,25,0
1783,25,9
1784,25,120
1785,25,33
1786,25,11
1787,25,42
1788,25,26
1789,25,199
1790,25,0
1791,25,0
1792,25,47
1793,25,0
1794,25,38
1795,25,3
1796,25,245
1797,25,0
1798,25,0
1799,25,0
1800,25,11
1801,25,56
1802,25,9
1803,25,522
1804,25,39
1805,25,23
1806,25,0
1807,25,0
1808,25,0
1809,25,0
1810,25,30
1811,25,507
1812,25,51
1813,25,107
1814,25,9
1815,25,351
1816,25,0
1817,25,58
1818,25,26
1819,25,0
1820,25,30
1821,25,0
1822,25,0
1823,25,0
1824,25,0
1825,25,0
1826,25,21
1827,25,0
1828,25,80
1829,25,0
1830,25,6
1831,26,1213
1832,25,8
1833,25,13
1834,25,190
1835,25,0
1836,25,0
1837,25,0
1838,25,0
1839,25,0
1840,25,0
1841,25,0
1842,25,0
1843,25,0
1844,25,730
1845,25,0
1846,25,0
1847,25,0
1848,25,70
1849,25,3
1850,25,56
1851,25,0
1852,25,0
1853,25,0
1854,25,0
1855,25,218
1856,25,26
1857,25,13
1858,25,26
1859,25,60
1860,25,0
1861,25,9
1862,25,21
1863,25,0
1864,25,132
1865,30,6995
1866,25,0
1867,25,11
1868,25,0
1869,25,66
1870,25,0
1871,25,4
1872,25,0
1873,25,26
1874,25,6
1875,25,0
1876,25,0
1877,25,3
1878,25,0
1879,25,0
1880,25,0
1881,25,99
1882,25,4
1883,25,0
1884,25,69
1885,25,0
1886,25,21
1887,25,0
1888,25,6
1889,25,13
1890,25,0
1891,25,0
1892,25,50
1893,25,0
1894,25,0
1895,25,133
1896,25,0
1897,25,0
1898,25,53
1899,25,0
1900,25,26
1901,25,247
1902,25,20
1903,25,5
1904,25,0
1905,25,124
1906,25,0
1907,25,34
1908,25,0
1909,25,0
1910,25,44
1911,25,78
1912,25,0
1913,25,0
1914,25,35
1915,25,21
1916,25,0
1917,25,54
1918,25,0
1919,25,0
1920,25,229
1921,25,0
1922,25,0
1923,25,0
1924,25,9
1925,25,0
1926,25,0
1927,25,6
1928,25,0
1929,25,3
1930,25,0
1931,25,38
1932,25,0
1933,25,0
1934,25,0
1935,25,59
1936,25,23
1937,25,56
1938,25,0
1939,25,3
1940,25,11
1941,25,444
1942,25,62
1943,25,171
1944,25,88
1945,25,0
1946,25,13
1947,25,0
1948,25,3
1949,25,0
1950,25,0
1951,25,0
1952,25,0
1953,25,21
1954,25,0
1955,25,13
1956,25,38
1957,25,0
1958,25,0
1959,25,0
1960,25,0
1961,25,11
1962,25,345
1963,25,0
1964,25,213
1965,25,0
1966,25,638
1967,25,0
1968,25,0
1969,25,88
1970,25,3
1971,25,35
1972,25,0
1973,25,0
1974,25,0
1975,25,406
1976,25,11
1977,25,0
1978,25,0
1979,25,0
1980,25,0
1981,25,0
1982,25,0
1983,25,9
1984,25,22
1985,25,0
1986,25,756
1987,25,98
1988,25,0
1989,25,223
1990,25,0
1991,25,8
1992,25,47
1993,25,69
1994,25,51
1995,25,0
1996,25,371
1997,25,53
1998,25,37
1999,25,0
2000,25,0
2001,25,30
2002,25,0
2003,25,0
2004,25,0
2005,25,13
2006,26,1494
2007,25,9
2008,25,528
2009,25,0
2010,25,0
2011,25,0
2012,25,17
2013,25,0
2014,25,9
2015,25,0
2016,25,25
2017,25,0
2018,25,0
2019,25,32
2020,25,20
2021,25,0
2022,25,0
2023,25,490
2024,25,14
2025,25,69
2026,25,8
2027,25,36
2028,31,8774
2029,25,26
2030,25,11
2031,25,0
2032,25,57
2033,25,51
2034,25,82
2035,25,11
2036,25,0
2037,25,89
2038,25,0
2039,25,0
2040,25,36
2041,25,6
2042,25,0
2043,25,160
2044,25,64
2045,25,171
2046,25,53
2047,25,21
2048,25,0
2049,25,0
2050,25,0
2051,25,0
2052,25,0
2053,25,124
2054,25,0
2055,25,197
2056,25,0
2057,25,26
2058,25,0
2059,25,0
2060,25,88
2061,25,0
2062,25,0
2063,25,0
2064,25,101
2065,25,0
2066,25,0
2067,25,39
2068,25,25
2069,25,505
2070,25,0
2071,25,159
2072,25,0
2073,25,9
2074,25,0
2075,25,35
2076,25,0
2077,25,5
2078,25,191
2079,25,0
2080,25,0
2081,25,396
2082,25,0
2083,25,0
2084,25,0
2085,25,41
2086,25,0
2087,25,0
2088,25,47
2089,25,13
2090,25,0
2091,25,58
2092,25,101
2093,25,171
2094,25,77
2095,25,0
2096,25,11
2097,25,160
2098,25,0
2099,25,69
2100,25,0
2101,25,0
2102,25,331
2103,25,36
2104,25,9
2105,25,19
2106,25,13
2107,25,114
2108,26,947
2109,25,36
2110,25,8
2111,25,0
2112,25,0
2113,25,17
2114,25,203
2115,25,6
2116,25,0
2117,25,161
2118,25,4
2119,25,0
2120,25,8
2121,25,117
2122,25,0
2123,25,0
2124,25,3
2125,25,9
2126,25,229
2127,25,0
2128,25,13
2129,25,0
2130,25,100
2131,25,5
2132,25,14
2133,25,0
2134,25,0
2135,25,0
2136,25,11
2137,25,0
2138,25,13
2139,25,11
2140,25,34
2141,25,30
2142,25,27
2143,25,0
2144,25,59
2145,25,0
2146,25,0
2147,25,0
2148,25,230
2149,25,0
2150,25,28
2151,25,0
2152,25,6
2153,25,517
2154,25,13
2155,25,0
2156,25,52
2157,25,0
2158,25,484
2159,25,0
2160,25,0
2161,25,43
2162,25,13
2163,26,1688
2164,25,11
2165,25,4
2166,25,9
2167,25,0
2168,25,0
2169,25,11
2170,25,0
2171,25,9
2172,25,30
2173,25,0
2174,25,0
2175,25,0
2176,25,0
2177,25,39
2178,25,6
2179,25,0
2180,25,3
2181,25,152
2182,25,0
2183,25,45
2184,25,15
2185,25,26
2186,25,58
2187,25,9
2188,25,79
2189,25,0
2190,25,0
2191,25,0
2192,25,0
2193,25,11
2194,25,132
2195,25,0
2196,25,45
2197,25,53
2198,25,9
2199,25,0
2200,25,0
2201,25,8
2202,25,0
2203,25,62
2204,25,166
2205,25,11
2206,25,0
2207,25,8
2208,25,0
2209,25,0
2210,25,0
2211,25,220
2212,25,0
2213,25,19
2214,25,0
2215,25,114
2216,25,3
2217,25,0
2218,25,0
2219,25,26
2220,25,0
2221,25,24
2222,25,58
2223,25,0
2224,25,0
2225,25,0
2226,25,670
2227,25,0
2228,25,0
2229,25,0
2230,25,0
2231,25,0
2232,25,5
2233,25,0
2234,25,0
2235,25,3
2236,25,13
2237,25,0
2238,25,0
2239,25,0
2240,25,0
2241,25,0
2242,25,0
2243,25,0
2244,25,25
2245,25,452
2246,25,80
2247,25,0
2248,25,0
2249,25,0
2250,25,280
2251,25,13
2252,25,17
2253,25,54
2254,25,54
2255,25,0
2256,25,64
2257,25,0
2258,25,0
2259,25,0
2260,25,12
2261,25,267
2262,25,0
2263,25,0
2264,25,3
2265,25,30
2266,25,69
2267,25,11
2268,25,254
2269,25,17
2270,25,0
2271,25,21
2272,25,0
2273,25,9
2274,25,186
2275,25,319
2276,25,74
2277,25,13
2278,25,13
2279,25,80
2280,25,0
2281,25,0
2282,25,20
2283,25,5
2284,25,0
2285,25,4
2286,25,0
2287,27,2755
2288,25,190
2289,25,40
2290,25,0
2291,25,4
2292,25,512
2293,25,0
2294,25,370
2295,25,95
2296,25,0
2297,25,86
2298,25,0
2299,25,11
2300,25,0
2301,25,0
2302,25,59
2303,25,3
2304,25,0
2305,25,0
2306,25,0
2307,25,3
2308,25,0
2309,25,26
2310,25,9
2311,25,0
2312,25,0
2313,25,0
2314,25,0
2315,25,82
2316,25,9
2317,25,0
2318,25,0
2319,25,0
2320,25,0
2321,25,0
2322,25,0
2323,25,3
2324,25,0
2325,25,0
2326,25,5
2327,25,13
2328,25,822
2329,25,0
2330,25,0
2331,25,315
2332,25,561
2333,25,81
2334,25,0
2335,25,26
2336,25,0
2337,25,114
2338,25,0
2339,25,0
2340,25,0
2341,25,0
2342,25,119
2343,25,0
2344,25,43
2345,25,0
2346,25,0
2347,25,0
2348,25,25
2349,25,21
2350,25,19
2351,25,0
2352,25,21
2353,25,38
2354,25,53
2355,25,0
2356,25,232
2357,25,0
2358,25,0
2359,25,36
2360,25,0
2361,25,0
2362,25,13
2363,25,0
2364,25,0
2365,25,0
2366,25,0
2367,25,124
2368,25,4
2369,25,6
2370,25,54
2371,25,11
2372,25,0
2373,25,64
2374,25,0
2375,25,26
2376,25,11
2377,25,754
2378,25,387
2379,25,19
2380,25,647
2381,25,24
2382,25,350
2383,25,13
2384,25,0
2385,25,135
2386,25,0
2387,25,0
2388,25,0
2389,25,0
2390,25,17
2391,25,0
2392,25,19
2393,25,0
2394,25,90
2395,25,3
2396,25,58
2397,25,0
2398,25,100
2399,25,0
2400,25,0
2401,25,15
2402,25,42
2403,25,3
2404,25,13
2405,25,0
2406,25,54
2407,25,0
2408,25,0
2409,25,0
2410,25,0
2411,25,4
2412,25,0
2413,25,37
2414,25,43
2415,25,0
2416,25,0
2417,25,0
2418,25,21
2419,25,17
2420,25,479
2421,25,0
2422,25,558
2423,25,0
2424,25,43
2425,25,0
2426,25,0
2427,25,94
2428,25,0
2429,25,0
2430,25,582
2431,25,52
2432,25,0
2433,25,0
2434,25,11
2435,25,316
2436,25,111
2437,25,21
2438,25,5
2439,25,5
2440,25,0
2441,25,0
2442,25,0
2443,25,0
2444,25,3
2445,25,32
2446,25,0
2447,25,0
2448,25,0
2449,25,58
2450,25,13
2451,25,11
2452,25,6
2453,25,0
2454,25,0
2455,25,0
2456,25,0
2457,25,51
2458,25,11
2459,25,0
2460,25,0
2461,25,0
2462,25,24
2463,25,82
2464,25,8
2465,25,13
2466,25,0
2467,25,91
2468,25,108
2469,25,0
2470,25,97
2471,25,28
2472,25,43
2473,25,21
2474,25,23
2475,25,0
2476,25,415
2477,26,1626
2478,25,130
2479,25,17
2480,25,0
2481,25,0
2482,25,60
2483,25,0
2484,25,17
2485,25,0
2486,25,13
2487,25,0
2488,25,0
2489,25,431
2490,25,53
2491,25,0
2492,25,0
2493,25,11
2494,25,115
2495,25,9
2496,25,43
2497,27,3101
2498,25,0
2499,25,0
2500,25,151
2501,25,11
2502,25,3
2503,25,0
2504,25,189
2505,25,0
2506,25,70
2507,25,0
2508,25,0
2509,26,1735
2510,25,0
2511,25,0
2512,25,0
2513,25,0
2514,25,49
2515,25,80
2516,25,84
2517,25,6
2518,25,13
2519,25,17
2520,25,0
2521,25,315
2522,25,0
2523,25,0
2524,25,58
2525,25,0
2526,26,1600
2527,25,0
2528,25,5
2529,25,0
2530,25,39
2531,25,0
2532,25,14
2533,25,0
2534,25,31
2535,25,118
2536,25,26
2537,25,21
2538,25,0
2539,25,0
2540,25,26
2541,25,88
2542,25,0
2543,25,0
2544,25,0
2545,25,23
2546,25,60
2547,25,891
2548,25,0
2549,25,13
2550,25,0
2551,25,101
2552,25,0
2553,25,0
2554,25,0
2555,25,51
2556,25,0
2557,26,1787
2558,25,0
2559,25,655
2560,25,0
2561,25,30
2562,25,14
2563,25,0
2564,25,6
2565,25,506
2566,25,32
2567,25,0
2568,26,1833
2569,25,32
2570,25,9
2571,25,0
2572,25,0
2573,25,11
2574,25,0
2575,25,23
2576,25,0
2577,25,0
2578,25,9
2579,25,4
2580,25,249
2581,25,154
2582,25,13
2583,25,35
2584,25,0
2585,26,1662
2586,25,0
2587,25,0
2588,25,4
2589,25,19
2590,25,242
2591,25,8
2592,25,0
2593,25,26
2594,25,36
2595,25,28
2596,25,25
2597,25,5
2598,25,0
2599,25,45
2600,25,49
2601,25,584
2602,25,165
2603,25,92
2604,25,240
2605,25,0
2606,25,3
2607,25,11
2608,25,0
2609,25,413
2610,25,0
2611,25,0
2612,25,743
2613,25,0
2614,25,0
2615,25,336
2616,25,25
2617,25,763
2618,25,6
2619,25,0
2620,25,0
2621,25,62
2622,25,19
2623,25,6
2624,25,0
2625,25,0
2626,25,32
2627,25,0
2628,25,53
2629,25,5
2630,25,32
2631,25,53
2632,25,4
2633,25,51
2634,25,11
2635,25,192
2636,25,0
2637,25,0
2638,25,13
2639,25,9
2640,25,19
2641,25,0
2642,25,0
2643,25,0
2644,25,0
2645,25,3
2646,25,11
2647,25,0
2648,25,141
2649,25,43
2650,25,0
2651,25,0
2652,25,80
2653,25,13
2654,25,36
2655,25,0
2656,25,0
2657,25,0
2658,25,13
2659,25,0
2660,25,0
2661,25,9
2662,25,62
2663,25,26
2664,25,0
2665,25,51
2666,25,4
2667,25,0
2668,25,0
2669,25,587
2670,25,38
2671,25,0
2672,25,172
2673,25,32
2674,25,0
2675,25,5
2676,25,11
2677,25,22
2678,25,28
2679,25,11
2680,25,34
2681,25,213
2682,25,60
2683,25,9
2684,25,0
2685,25,30
2686,25,60
2687,25,3
2688,25,0
2689,25,44
2690,25,0
2691,25,90
2692,25,49
2693,25,490
2694,25,43
2695,25,0
2696,25,134
2697,25,119
2698,25,58
2699,25,505
2700,25,23
2701,25,0
2702,25,101
2703,25,0
2704,25,0
2705,25,0
2706,25,0
2707,25,15
2708,25,77
2709,25,25
2710,25,182
2711,25,0
2712,25,0
2713,25,0
2714,25,0
2715,25,0
2716,25,0
2717,25,0
2718,25,0
2719,25,28
2720,25,0
2721,25,226
2722,25,21
2723,25,3
2724,25,0
2725,25,55
2726,25,0
2727,25,0
2728,25,426
2729,25,60
2730,25,0
2731,25,9
2732,25,0
2733,25,6
2734,25,13
2735,25,0
2736,25,8
2737,25,0
2738,25,32
2739,25,0
2740,25,60
2741,25,0
2742,25,0
2743,25,123
2744,25,3
2745,25,131
2746,25,62
2747,25,0
2748,25,9
2749,25,136
2750,25,92
2751,25,37
2752,25,0
2753,25,38
2754,25,24
2755,25,21
2756,25,0
2757,25,49
2758,25,0
2759,25,9
2760,25,0
2761,25,4
2762,25,0
2763,25,0
2764,25,0
2765,25,31
2766,25,0
2767,25,6
2768,25,13
2769,25,0
2770,25,0
2771,25,4
2772,25,127
2773,25,0
2774,26,1914
2775,25,19
2776,25,19
2777,25,0
2778,25,0
2779,25,0
2780,25,0
2781,25,349
2782,25,30
2783,25,3
2784,25,133
2785,25,0
2786,25,0
2787,25,9
2788,25,41
2789,25,0
2790,25,0
2791,25,19
2792,25,13
2793,25,0
2794,25,251
2795,25,0
2796,25,0
2797,25,0
2798,25,13
2799,25,0
2800,25,25
2801,25,0
2802,25,11
2803,25,5
2804,25,0
2805,25,152
2806,25,0
2807,25,9
2808,25,11
2809,25,0
2810,25,5
2811,25,0
2812,25,4
2813,25,0
2814,25,0
2815,25,125
2816,25,79
2817,25,6
2818,25,0
2819,25,0
2820,25,0
2821,25,60
2822,25,65
2823,25,69
2824,25,202
2825,25,0
2826,25,0
2827,25,13
2828,25,0
2829,25,230
2830,27,2569
2831,25,6
2832,25,90
2833,25,0
2834,25,0
2835,25,0
2836,25,29
2837,26,2362
2838,25,11
2839,25,70
2840,26,1494
2841,25,90
2842,25,0
2843,25,26
2844,25,32
2845,25,13
2846,25,13
2847,25,0
2848,25,165
2849,25,38
2850,25,3
2851,25,0
2852,25,0
2853,25,101
2854,25,0
2855,25,0
2856,25,0
2857,25,8
2858,25,94
2859,25,11
2860,25,13
2861,25,116
2862,25,0
2863,25,0
2864,25,0
2865,25,32
2866,25,0
2867,25,11
2868,25,0
2869,25,0
2870,25,64
2871,25,0
2872,25,0
2873,25,26
2874,25,6
2875,25,664
2876,25,0
2877,25,219
2878,25,0
2879,26,918
2880,25,45
2881,25,62
2882,25,17
2883,25,0
2884,25,5
2885,25,68
2886,25,6
2887,25,0
2888,25,17
2889,25,3
2890,25,256
2891,25,9
2892,25,0
2893,25,0
2894,25,0
2895,25,0
2896,25,0
2897,25,0
2898,25,563
2899,25,77
2900,25,320
2901,25,6
2902,25,0
2903,25,162
2904,25,9
2905,25,0
2906,25,0
2907,25,237
2908,25,115
2909,25,72
2910,25,5
2911,25,71
2912,25,0
2913,25,0
2914,25,0
2915,25,34
2916,25,116
2917,25,13
2918,25,0
2919,27,2504
2920,25,38
2921,25,0
2922,25,22
2923,25,0
2924,25,38
2925,25,0
2926,27,2595
2927,25,11
2928,25,0
2929,25,867
2930,25,20
2931,25,226
2932,25,0
2933,25,6
2934,25,0
2935,25,0
2936,25,13
2937,25,0
2938,25,12
2939,25,0
2940,25,0
2941,25,28
2942,25,0
2943,25,0
2944,25,0
2945,25,3
2946,25,72
2947,25,0
2948,25,0
2949,25,538
2950,25,21
2951,25,36
2952,25,25
2953,25,410
2954,25,0
2955,25,9
2956,25,0
2957,25,22
2958,25,0
2959,25,5
2960,25,11
2961,25,211
2962,25,6
2963,25,0
2964,25,86
2965,25,0
2966,25,55
2967,25,0
2968,25,338
2969,25,59
2970,25,0
2971,25,14
2972,25,110
2973,25,0
2974,25,9
2975,25,0
2976,25,24
2977,25,0
2978,25,19
2979,25,0
2980,25,9
2981,25,0
2982,25,10
2983,25,45
2984,25,199
2985,25,0
2986,25,158
2987,25,0
2988,25,92
2989,25,87
2990,25,0
2991,25,130
2992,25,0
2993,25,309
2994,25,17
2995,25,168
2996,25,12
2997,25,0
2998,25,124
2999,25,0
3000,25,24
3001,25,81
3002,25,0
3003,25,0
3004,25,0
3005,25,0
3006,25,0
3007,25,0
3008,25,0
3009,25,30
3010,25,522
3011,25,125
3012,25,17
3013,25,47
3014,25,0
3015,25,0
3016,25,0
3017,25,0
3018,25,11
3019,25,0
3020,25,0
3021,25,17
3022,25,0
3023,25,0
3024,25,0
3025,25,17
3026,25,0
3027,25,0
3028,25,0
3029,25,32
3030,25,13
3031,25,43
3032,25,25
3033,25,38
3034,25,3
3035,26,938
3036,25,0
3037,25,0
3038,25,21
3039,25,19
3040,25,13
3041,25,0
3042,25,45
3043,25,92
3044,25,0
3045,25,76
3046,25,26
3047,25,80
3048,25,0
3049,25,4
3050,25,65
3051,25,0
3052,25,18
3053,25,21
3054,25,0
3055,25,0
3056,26,1640
3057,25,232
3058,25,22
3059,25,3
3060,25,16
3061,25,0
3062,25,13
3063,25,0
3064,25,6
3065,25,756
3066,25,26
3067,25,6
3068,25,22
3069,25,0
3070,25,0
3071,25,27
3072,25,0
3073,25,11
3074,25,64
3075,25,0
3076,25,479
3077,25,328
3078,25,94
3079,25,0
3080,25,0
3081,25,4
3082,25,43
3083,25,777
3084,25,6
3085,25,0
3086,25,4
3087,25,0
3088,26,2204
3089,25,45
3090,25,0
3091,25,769
3092,25,58
3093,25,0
3094,25,31
3095,25,9
3096,25,38
3097,25,103
3098,25,0
3099,25,195
3100,25,6
3101,25,51
3102,25,38
3103,25,17
3104,25,17
3105,25,5
3106,25,0
3107,25,0
3108,25,0
3109,25,26
3110,25,5
3111,25,26
3112,25,0
3113,25,40
3114,25,0
3115,25,0
3116,25,0
3117,25,0
3118,25,25
3119,25,36
3120,25,0
3121,25,17
3122,25,0
3123,25,0
3124,25,490
3125,25,42
3126,25,0
3127,25,0
3128,25,111
3129,25,110
3130,25,26
3131,25,50
3132,25,0
3133,25,0
3134,25,0
3135,25,13
3136,25,26
3137,25,51
3138,25,0
3139,25,17
3140,25,80
3141,25,38
3142,25,9
3143,25,79
3144,25,80
3145,25,0
3146,25,0
3147,25,0
3148,25,335
3149,25,0
3150,25,13
3151,25,13
3152,25,39
3153,25,0
3154,25,104
3155,25,0
3156,25,12
3157,25,21
3158,25,0
3159,25,39
3160,25,748
3161,25,24
3162,25,22
3163,25,89
3164,25,0
3165,25,17
3166,25,17
3167,25,0
3168,25,779
3169,25,0
3170,25,9
3171,25,80
3172,25,0
3173,25,0
3174,25,47
3175,25,9
3176,25,58
3177,25,655
3178,25,26
3179,25,13
3180,25,141
3181,25,11
3182,25,23
3183,25,42
3184,25,647
3185,25,0
3186,25,0
3187,25,378
3188,25,130
3189,25,0
3190,25,53
3191,25,0
3192,25,3
3193,25,18
3194,25,127
3195,25,0
3196,25,30
3197,25,0
3198,25,5
3199,25,0
3200,25,26
3201,25,584
3202,25,124
3203,25,0
3204,25,8
3205,26,1499
3206,25,3
3207,25,738
3208,25,43
3209,25,0
3210,25,13
3211,25,0
3212,26,1639
3213,25,128
3214,25,108
3215,25,131
3216,25,0
3217,25,9
3218,25,7
3219,25,0
3220,25,8
3221,25,69
3222,25,0
3223,25,190
3224,25,0
3225,25,204
3226,25,25
3227,25,0
3228,25,0
3229,25,0
3230,25,45
3231,25,0
3232,25,0
3233,25,169
3234,25,0
3235,25,0
3236,25,320
3237,25,543
3238,25,0
3239,25,0
3240,25,0
3241,25,0
3242,25,6
3243,25,13
3244,25,0
3245,25,0
3246,25,0
3247,25,3
3248,25,11
3249,25,86
3250,25,94
3251,25,79
3252,25,0
3253,25,0
3254,25,13
3255,25,0
3256,25,58
3257,25,0
3258,25,80
3259,25,21
3260,25,36
3261,25,0
3262,25,0
3263,25,756
3264,25,28
3265,25,8
3266,25,38
3267,25,0
3268,25,0
3269,25,11
3270,25,0
3271,25,3
3272,25,115
3273,25,4
3274,25,45
3275,25,0
3276,25,0
3277,25,119
3278,25,41
3279,25,0
3280,25,0
3281,25,6
3282,25,0
3283,25,0
3284,25,0
3285,25,36
3286,25,0
3287,25,0
3288,25,0
3289,25,235
3290,25,13
3291,25,59
3292,25,0
3293,25,11
3294,25,7
3295,25,9
3296,25,39
3297,25,9
3298,25,21
3299,25,0
3300,25,506
3301,25,0
3302,25,0
3303,25,26
3304,25,213
3305,25,13
3306,25,0
3307,25,71
3308,25,0
3309,25,0
3310,25,79
3311,25,0
3312,25,0
3313,25,0
3314,25,0
3315,25,38
3316,25,0
3317,25,0
3318,25,0
3319,25,3
3320,25,467
3321,25,8
3322,25,61
3323,25,13
3324,25,3
3325,25,0
3326,25,0
3327,25,21
3328,25,828
3329,25,21
3330,25,38
3331,25,0
3332,25,43
3333,25,0
3334,25,0
3335,25,88
3336,25,25
3337,25,0
3338,25,0
3339,25,13
3340,25,785
3341,25,28
3342,25,0
3343,25,11
3344,25,497
3345,25,9
3346,25,80
3347,25,80
3348,25,0
3349,25,0
3350,25,8
3351,25,21
3352,25,16
3353,25,53
3354,25,0
3355,25,9
3356,25,228
3357,25,29
3358,25,137
3359,25,18
3360,25,13
3361,25,0
3362,25,53
3363,25,53
3364,25,13
3365,25,44
3366,25,0
3367,25,0
3368,25,13
3369,25,19
3370,25,34
3371,25,34
3372,25,213
3373,25,13
3374,25,0
3375,25,55
3376,25,3
3377,25,43
3378,25,0
3379,25,24
3380,25,0
3381,25,0
3382,25,144
3383,25,64
3384,25,51
3385,25,11
3386,25,11
3387,25,115
3388,25,21
3389,25,186
3390,25,0
3391,25,0
3392,25,0
3393,25,26
3394,25,26
3395,25,66
3396,25,160
3397,25,24
3398,25,0
3399,25,0
3400,25,0
3401,25,70
3402,25,39
3403,25,0
3404,25,226
3405,25,0
3406,25,0
3407,25,3
3408,25,0
3409,25,6
3410,25,230
3411,25,356
3412,25,346
3413,25,0
3414,25,185
3415,25,0
3416,25,0
3417,25,32
3418,25,59
3419,25,0
3420,25,41
3421,26,1494
3422,25,26
3423,25,0
3424,25,0
3425,25,0
3426,25,0
3427,25,9
3428,25,26
3429,25,0
3430,25,95
3431,25,0
3432,25,26
3433,25,3
3434,25,21
3435,25,56
3436,25,0
3437,25,58
3438,26,1013
3439,25,498
3440,25,0
3441,25,18
3442,25,6
3443,25,0
3444,25,0
3445,25,13
3446,25,25
3447,25,175
3448,25,0
3449,25,0
3450,25,0
3451,25,97
3452,25,79
3453,25,0
3454,25,17
3455,25,21
3456,25,0
3457,25,4
3458,25,0
3459,25,0
3460,25,0
3461,25,0
3462,25,8
3463,25,26
3464,26,2300
3465,25,0
3466,25,9
3467,26,1548
3468,25,446
3469,25,0
3470,25,213
3471,25,0
3472,25,0
3473,25,3
3474,25,25
3475,25,0
3476,25,0
3477,25,0
3478,25,13
3479,25,62
3480,25,0
3481,25,228
3482,25,241
3483,25,0
3484,25,0
3485,25,9
3486,25,13
3487,25,19
3488,25,199
3489,25,0
3490,25,40
3491,25,11
3492,25,0
3493,25,46
3494,25,26
3495,25,160
3496,25,4
3497,25,0
3498,25,0
3499,25,135
3500,25,5
3501,25,0
3502,25,0
3503,25,38
3504,25,0
3505,25,0
3506,25,41
3507,25,0
3508,25,0
3509,25,26
3510,25,0
3511,25,21
3512,25,0
3513,25,32
3514,25,26
3515,25,53
3516,25,0
3517,25,8
3518,25,0
3519,25,173
3520,25,19
3521,25,0
3522,25,346
3523,25,26
3524,25,0
3525,25,0
3526,25,64
3527,25,6
3528,25,69
3529,25,522
3530,25,0
3531,25,15
3532,25,32
3533,25,41
3534,25,0
3535,25,32
3536,25,0
3537,25,0
3538,25,0
3539,25,21
3540,25,11
3541,25,0
3542,25,4
3543,25,0
3544,25,9
3545,25,35
3546,25,72
3547,25,0
3548,25,183
3549,25,0
3550,25,0
3551,25,28
3552,25,16
3553,25,43
3554,25,6
3555,25,0
3556,25,127
3557,25,0
3558,25,4
3559,25,529
3560,25,61
3561,25,0
3562,25,0
3563,25,42
3564,25,94
3565,25,0
3566,25,0
3567,25,0
3568,25,0
3569,25,0
3570,25,0
3571,25,58
3572,25,0
3573,25,0
3574,25,3
3575,25,324
3576,25,0
3577,25,93
3578,25,181
3579,25,0
3580,25,0
3581,25,11
3582,25,16
3583,25,51
3584,25,0
3585,25,9
3586,25,0
3587,25,0
3588,25,516
3589,25,0
3590,25,36
3591,25,17
3592,25,0
3593,25,139
3594,25,58
3595,25,78
3596,25,105
3597,25,26
3598,25,0
3599,25,13
3600,25,13
3601,26,1718
3602,25,6
3603,25,188
3604,25,13
3605,25,0
3606,25,101
3607,25,39
3608,25,604
3609,25,0
3610,25,43
3611,25,17
3612,25,0
3613,25,19
3614,25,336
3615,26,1600
3616,25,3
3617,25,21
3618,25,47
3619,25,21
3620,25,26
3621,25,21
3622,25,0
3623,26,1821
3624,25,0
3625,25,11
3626,25,0
3627,25,11
3628,25,9
3629,25,0
3630,25,25
3631,25,160
3632,25,0
3633,25,94
3634,25,17
3635,25,0
3636,25,28
3637,25,222
3638,26,2346
3639,25,76
3640,25,22
3641,25,0
3642,25,0
3643,25,32
3644,25,0
3645,25,32
3646,25,0
3647,25,17
3648,25,11
3649,25,9
3650,25,0
3651,25,26
3652,25,426
3653,25,8
3654,25,8
3655,25,13
3656,25,70
3657,25,8
3658,25,339
3659,25,11
3660,25,160
3661,25,0
3662,25,11
3663,25,11
3664,25,26
3665,25,0
3666,25,22
3667,25,0
3668,25,204
3669,25,0
3670,25,106
3671,25,0
3672,25,0
3673,25,163
3674,25,15
3675,25,0
3676,25,40
3677,25,0
3678,25,0
3679,25,0
3680,25,104
3681,25,498
3682,26,1665
3683,25,6
3684,25,0
3685,25,28
3686,25,0
3687,25,0
3688,25,0
3689,25,59
3690,25,0
3691,25,32
3692,25,172
3693,25,0
3694,25,0
3695,25,0
3696,25,58
3697,25,21
3698,25,3
3699,25,0
3700,25,0
3701,25,0
3702,25,0
3703,25,6
3704,25,0
3705,25,252
3706,25,0
3707,26,1276
3708,25,0
3709,25,21
3710,25,0
3711,25,30
3712,25,6
3713,25,0
3714,25,0
3715,25,13
3716,25,43
3717,25,53
3718,25,79
3719,25,65
3720,25,15
3721,25,11
3722,25,5
3723,25,109
3724,25,13
3725,25,13
3726,25,0
3727,25,6
3728,25,0
3729,25,0
3730,25,0
3731,25,43
3732,25,5
3733,25,0
3734,25,5
3735,25,71
3736,25,3
3737,25,0
3738,25,0
3739,25,0
3740,25,53
3741,25,0
3742,25,19
3743,25,28
3744,25,19
3745,25,0
3746,25,0
3747,25,0
3748,25,57
3749,25,6
3750,25,760
3751,25,34
3752,25,0
3753,25,92
3754,25,0
3755,25,4
3756,25,70
3757,25,16
3758,25,0
3759,25,776
3760,25,0
3761,25,668
3762,25,0
3763,25,0
3764,25,0
3765,25,852
3766,25,28
3767,25,0
3768,25,0
3769,25,9
3770,25,0
3771,25,80
3772,25,358
3773,25,0
3774,25,52
3775,25,0
3776,25,4
3777,25,0
3778,25,0
3779,25,0
3780,25,412
3781,25,69
3782,25,26
3783,25,9
3784,25,0
3785,25,0
3786,25,0
3787,25,99
3788,25,0
3789,25,0
3790,25,394
3791,25,0
3792,25,13
3793,25,43
3794,25,85
3795,25,64
3796,25,826
3797,25,160
3798,25,0
3799,25,0
3800,25,0
3801,25,0
3802,25,3
3803,25,5
3804,25,9
3805,25,13
3806,25,0
3807,25,53
3808,25,213
3809,25,0
3810,25,109
3811,25,11
3812,25,25
3813,25,57
3814,25,16
3815,25,0
3816,25,0
3817,25,22
3818,25,0
3819,25,57
3820,25,0
3821,25,0
3822,25,30
3823,25,171
3824,25,0
3825,25,0
3826,25,0
3827,25,0
3828,25,13
3829,25,0
3830,25,30
3831,25,0
3832,25,142
3833,25,0
3834,25,0
3835,25,6
3836,25,3
3837,25,40
3838,25,48
3839,25,0
3840,25,0
3841,25,13
3842,25,0
3843,25,4
3844,25,0
3845,25,26
3846,25,0
3847,25,0
3848,25,0
3849,25,92
3850,25,513
3851,25,176
3852,25,30
3853,25,0
3854,25,0
3855,25,0
3856,25,28
3857,25,0
3858,25,0
3859,25,13
3860,25,23
3861,25,841
3862,25,0
3863,25,9
3864,25,0
3865,25,0
3866,25,0
3867,25,0
3868,25,0
3869,25,0
3870,25,0
3871,25,51
3872,25,6
3873,25,36
3874,25,0
3875,25,0
3876,25,39
3877,25,0
3878,25,0
3879,25,32
3880,25,0
3881,25,4
3882,25,0
3883,25,0
3884,25,0
3885,25,43
3886,25,9
3887,25,6
3888,25,67
3889,25,0
3890,25,21
3891,25,0
3892,25,105
3893,25,0
3894,25,0
3895,25,0
3896,25,0
3897,25,37
3898,25,0
3899,26,2186
3900,25,6
3901,25,0
3902,25,0
3903,25,64
3904,25,0
3905,25,0
3906,25,0
3907,25,0
3908,25,38
3909,26,958
3910,25,0
3911,25,0
3912,25,0
3913,25,0
3914,25,80
3915,25,227
3916,25,0
3917,25,6
3918,25,0
3919,25,4
3920,25,0
3921,25,0
3922,25,194
3923,25,11
3924,25,0
3925,25,0
3926,25,64
3927,25,11
3928,25,4
3929,25,0
3930,25,21
3931,25,0
3932,25,0
3933,25,0
3934,25,0
3935,25,0
3936,25,0
3937,25,0
3938,25,896
3939,25,0
3940,25,41
3941,25,17
3942,25,0
3943,25,19
3944,25,0
3945,25,0
3946,25,0
3947,25,8
3948,25,17
3949,25,5
3950,25,0
3951,25,0
3952,25,92
3953,25,0
3954,25,4
3955,25,130
3956,25,22
3957,25,65
3958,25,105
3959,25,601
3960,25,0
3961,25,128
3962,25,16
3963,25,11
3964,25,13
3965,25,38
3966,25,0
3967,25,0
3968,25,0
3969,25,0
3970,25,109
3971,25,13
3972,25,195
3973,25,108
3974,25,0
3975,25,11
3976,25,26
3977,25,25
3978,25,127
3979,25,0
3980,25,0
3981,25,120
3982,25,3
3983,25,0
3984,25,30
3985,25,238
3986,25,0
3987,25,13
3988,25,0
3989,25,186
3990,25,41
3991,25,26
3992,25,0
3993,25,9
3994,25,0
3995,25,320
3996,25,0
3997,25,3
3998,25,0
3999,25,31
4000,25,0
