1,84,4856
2,85,3272
3,85,2314
4,84,5509
5,84,7952
6,84,5605
7,84,7791
8,85,1655
9,80,28459
10,85,3468
11,84,4228
12,84,5453
13,84,4146
14,84,5451
15,84,7681
16,85,2639
17,84,4519
18,85,2479
19,84,4194
20,83,9043
21,84,4717
22,84,7040
23,83,9421
24,85,2949
25,75,55836
26,84,8681
27,84,6330
28,84,7667
29,83,8889
30,73,68104
31,84,6651
32,85,897
33,84,4208
34,85,1341
35,85,3380
36,80,29156
37,83,9563
38,84,8461
39,84,5490
40,84,7559
41,84,5457
42,80,25186
43,85,3330
44,83,10198
45,85,3202
46,84,6633
47,84,4773
48,85,948
49,85,3275
50,82,17448
51,82,15428
52,81,22485
53,85,2761
54,85,1919
55,85,2157
56,84,6138
57,83,9046
58,84,6978
59,80,29796
60,85,3555
61,85,3661
62,84,4992
63,83,9081
64,84,8829
65,84,8276
66,85,1889
67,83,9571
68,84,4805
69,83,10915
70,81,21694
71,82,18879
72,85,912
73,84,7377
74,84,6183
75,84,6182
76,85,3359
77,84,4211
78,83,12025
79,83,10495
80,83,11378
81,83,11389
82,84,8080
83,83,9076
84,81,20495
85,85,1698
86,84,8002
87,80,26539
88,83,13109
89,83,10680
90,83,12265
91,84,5387
92,82,14917
93,80,25357
94,84,4065
95,81,20071
96,84,4058
97,81,21605
98,84,4106
99,85,2337
100,80,28529
101,85,3579
102,82,16670
103,83,9659
104,85,3278
105,85,272
106,79,32479
107,84,6231
108,84,7819
109,79,31425
110,84,5781
111,83,12418
112,85,1969
113,84,7278
114,83,12934
115,84,5915
116,84,7360
117,84,4292
118,85,3475
119,82,18774
120,83,10555
121,84,6354
122,83,11632
123,85,1539
124,84,5166
125,85,3191
126,85,3028
127,84,4090
128,84,8009
129,84,5328
130,85,3282
131,81,21531
132,83,9620
133,83,11584
134,84,7068
135,85,3569
136,80,25577
137,85,2064
138,76,50808
139,85,1896
140,84,5584
141,84,5762
142,84,4364
143,84,7243
144,80,25329
145,83,12761
146,84,5306
147,84,5955
148,85,1221
149,83,9609
150,85,1747
151,84,6527
152,80,29077
153,84,7068
154,85,1058
155,80,26813
156,84,4765
157,84,4031
158,84,6582
159,78,39612
160,85,3749
161,80,26237
162,84,4189
163,85,2320
164,84,6676
165,85,1977
166,85,2342
167,82,14367
168,84,7828
169,84,5561
170,84,6585
171,81,23162
172,84,3895
173,83,13778
174,85,3441
175,84,5674
176,84,5406
177,83,10824
178,84,3910
179,84,4187
180,85,3676
181,81,19897
182,84,5782
183,85,3691
184,84,6113
185,84,6505
186,85,1437
187,83,10476
188,84,5771
189,84,4222
190,85,3318
191,81,20151
192,84,6406
193,84,4331
194,85,1086
195,84,6557
196,84,5911
197,81,22639
198,83,9837
199,83,11792
200,84,3813
201,84,5021
202,81,20430
203,85,3381
204,84,6462
205,84,3869
206,84,8761
207,83,10017
208,84,4803
209,83,9298
210,85,3462
211,84,5417
212,83,8903
213,84,6069
214,82,17829
215,85,2670
216,83,9852
217,85,3263
218,84,4120
219,85,3500
220,83,10652
221,80,25833
222,83,10741
223,85,3179
224,83,10252
225,85,2217
226,84,4001
227,85,2329
228,84,4706
229,84,6621
230,84,6762
231,85,1989
232,85,2581
233,84,5387
234,85,3594
235,81,22228
236,85,1718
237,84,6629
238,85,2844
239,84,4558
240,84,8191
241,84,8828
242,84,3871
243,85,2097
244,85,1612
245,84,3920
246,82,14378
247,83,9578
248,85,2739
249,82,14833
250,78,35900
251,85,3441
252,85,2368
253,81,20456
254,83,9152
255,85,1344
256,82,14505
257,85,2590
258,83,13507
259,85,1746
260,84,8021
261,84,3883
262,84,3984
263,85,2118
264,84,5514
265,84,7451
266,83,10307
267,84,4319
268,84,7545
269,85,1545
270,84,4408
271,75,52954
272,85,3530
273,75,55174
274,81,23377
275,81,20203
276,84,6501
277,78,39439
278,84,7735
279,83,9180
280,85,2845
281,84,4727
282,84,4381
283,84,7480
284,84,8403
285,75,55588
286,85,2630
287,84,4746
288,85,2424
289,85,3264
290,85,3062
291,84,6767
292,66,111929
293,84,7724
294,84,3835
295,84,5683
296,85,1688
297,85,3275
298,82,15015
299,78,38601
300,85,2392
301,84,5086
302,84,5446
303,81,19613
304,83,9149
305,85,739
306,81,19732
307,83,13574
308,85,2135
309,85,1391
310,85,1548
311,83,9301
312,85,1261
313,85,3254
314,84,5740
315,84,7142
316,84,3902
317,84,8200
318,85,2735
319,80,29869
320,81,24339
321,85,2136
322,84,6001
323,85,2758
324,84,7076
325,85,3374
326,83,8994
327,80,28176
328,85,3593
329,84,5294
330,84,6228
331,84,4512
332,84,7143
333,81,20195
334,85,3290
335,84,4590
336,81,20845
337,82,15205
338,85,1556
339,84,7339
340,85,3542
341,83,10015
342,81,23097
343,85,2421
344,83,13574
345,83,8934
346,81,22591
347,84,4579
348,81,20278
349,84,6391
350,84,6330
351,84,6753
352,83,11984
353,85,2982
354,83,12214
355,84,5276
356,84,7566
357,84,5062
358,84,3781
359,85,1772
360,84,4622
361,82,17516
362,83,9124
363,85,2241
364,78,40748
365,84,5971
366,83,9766
367,82,18606
368,85,2030
369,85,3435
370,85,1572
371,83,13802
372,85,2020
373,85,2159
374,81,20108
375,84,7746
376,84,4909
377,84,5919
378,84,7263
379,85,1488
380,84,4433
381,84,7935
382,83,9577
383,85,3042
384,84,7212
385,79,34459
386,84,4655
387,84,7358
388,85,2912
389,84,8028
390,84,8514
391,84,4917
392,85,3416
393,83,12865
394,84,7258
395,77,41976
396,77,44986
397,78,37946
398,85,2065
399,81,22697
400,84,7541
401,85,2618
402,84,5271
403,80,28376
404,75,56047
405,85,1733
406,85,1994
407,85,2752
408,84,4936
409,80,25462
410,84,5693
411,83,12274
412,85,1789
413,85,1917
414,84,6726
415,85,3406
416,84,5306
417,85,2511
418,85,3348
419,84,5738
420,85,2621
421,83,12983
422,82,17645
423,81,22318
424,85,2850
425,81,21032
426,83,9140
427,83,12163
428,84,3869
429,84,5233
430,83,11891
431,84,7005
432,84,6736
433,84,5496
434,83,11208
435,84,5219
436,84,5051
437,84,4475
438,84,8808
439,85,3436
440,85,2284
441,85,2977
442,82,16292
443,81,22606
444,83,11732
445,84,4803
446,85,3139
447,84,5399
448,85,1156
449,83,12178
450,78,40579
451,84,5404
452,84,3778
453,85,1785
454,84,4126
455,85,2265
456,85,2255
457,77,42005
458,85,2436
459,83,10875
460,72,72224
461,85,2593
462,84,4585
463,79,32157
464,84,7812
465,84,5733
466,83,12940
467,83,12365
468,78,37132
469,84,7164
470,81,19745
471,83,9751
472,85,1216
473,85,3011
474,84,4927
475,85,1677
476,82,14347
477,85,2023
478,81,23080
479,77,43686
480,84,8638
481,85,2204
482,85,1385
483,84,6822
484,84,4899
485,81,20829
486,85,3181
487,84,3892
488,85,2431
489,85,3364
490,83,13818
491,84,8831
492,85,3035
493,84,5784
494,84,4341
495,84,4340
496,82,18115
497,85,772
498,84,8166
499,85,1350
500,81,24338
501,85,2679
502,83,13713
503,84,6161
504,85,3062
505,82,14981
506,84,5833
507,83,9935
508,85,3281
509,84,7699
510,82,14226
511,84,8324
512,84,6312
513,84,7643
514,83,10134
515,84,4827
516,83,12128
517,84,4266
518,80,26118
519,84,6801
520,84,8402
521,84,6102
522,84,4424
523,85,2531
524,85,3568
525,84,4915
526,75,53218
527,83,10331
528,76,51088
529,85,1585
530,84,5530
531,83,9336
532,84,5531
533,84,4931
534,82,15091
535,85,3073
536,84,5276
537,83,9159
538,84,5128
539,84,5541
540,83,9778
541,82,18264
542,84,5512
543,70,81909
544,84,7164
545,84,6526
546,84,7795
547,85,1357
548,79,33895
549,83,9593
550,85,2588
551,84,5909
552,80,24670
553,81,21747
554,85,2346
555,85,3581
556,84,7042
557,84,7407
558,82,17532
559,85,1201
560,83,11816
561,80,26900
562,85,1947
563,85,1515
564,81,20697
565,84,8474
566,85,2499
567,84,4930
568,85,2523
569,78,37581
570,81,20593
571,85,1053
572,83,11072
573,83,12285
574,84,7824
575,84,5243
576,82,19256
577,84,7944
578,79,32419
579,81,21178
580,84,4071
581,84,8605
582,85,3553
583,83,9571
584,82,18077
585,83,11852
586,84,5254
587,84,6524
588,85,2768
589,79,33123
590,85,2810
591,84,3831
592,82,14076
593,83,10031
594,84,4079
595,84,5208
596,81,20212
597,84,4658
598,84,8824
599,79,31472
600,84,4763
601,85,1963
602,83,10748
603,85,491
604,84,5580
605,84,6062
606,80,27686
607,84,6189
608,84,7026
609,85,2140
610,83,9007
611,83,8915
612,83,9032
613,85,904
614,81,24512
615,85,1493
616,84,4099
617,84,5378
618,84,4153
619,85,3664
620,85,3702
621,85,736
622,84,4226
623,85,3551
624,83,13687
625,85,2576
626,83,12927
627,85,793
628,85,1158
629,84,5001
630,85,1799
631,84,3933
632,84,4630
633,84,5875
634,82,14575
635,79,34636
636,81,20521
637,84,7461
638,84,5321
639,84,5733
640,84,6854
641,83,9815
642,83,10111
643,84,5930
644,85,1895
645,84,7994
646,84,3908
647,84,8605
648,84,4088
649,85,1260
650,84,7360
651,85,3462
652,81,21484
653,85,3501
654,78,38245
655,83,9177
656,84,4898
657,84,7158
658,80,27230
659,85,2883
660,84,7948
661,84,6731
662,83,11677
663,84,8515
664,84,4799
665,83,9241
666,83,12358
667,85,2450
668,83,13913
669,84,8183
670,84,8522
671,78,39436
672,84,4718
673,80,25618
674,78,39390
675,84,6564
676,85,1995
677,85,2806
678,84,4166
679,85,1357
680,84,3933
681,84,4695
682,83,9816
683,85,1206
684,80,29013
685,85,3222
686,85,2365
687,81,21593
688,84,4021
689,84,6699
690,85,1769
691,85,2257
692,84,3998
693,85,337
694,77,40955
695,85,2187
696,85,2127
697,84,4934
698,78,40871
699,85,3310
700,84,4274
701,81,21845
702,85,2900
703,85,3552
704,84,6741
705,85,2597
706,84,6162
707,78,36190
708,82,18162
709,83,9251
710,84,6067
711,80,25059
712,85,2988
713,83,10924
714,84,5600
715,83,10511
716,85,3134
717,84,7537
718,84,6208
719,85,1557
720,83,9449
721,74,62812
722,84,5244
723,84,4422
724,81,23424
725,84,4712
726,85,3014
727,84,4130
728,84,4710
729,85,2421
730,84,5685
731,85,3630
732,85,3306
733,82,15424
734,81,19439
735,84,4661
736,84,6209
737,83,10410
738,83,11756
739,80,25730
740,81,22232
741,85,2124
742,84,6620
743,84,7347
744,85,2844
745,84,7405
746,79,30139
747,83,10608
748,84,6893
749,85,1055
750,84,4054
751,84,5408
752,85,3621
753,85,1785
754,85,3380
755,84,4930
756,71,79013
757,84,5559
758,84,7250
759,84,7581
760,84,8184
761,80,28886
762,84,4144
763,85,3349
764,84,5709
765,82,17419
766,84,7613
767,85,1790
768,84,5666
769,84,6507
770,85,1448
771,84,5465
772,83,12815
773,84,4460
774,82,18799
775,82,16667
776,80,26532
777,84,5786
778,83,13599
779,85,2374
780,84,6147
781,85,2202
782,83,9892
783,83,10116
784,85,1191
785,78,37454
786,84,8725
787,85,2634
788,83,11026
789,85,3256
790,84,4757
791,81,21126
792,84,3841
793,84,6935
794,84,6957
795,81,20898
796,85,1049
797,84,7817
798,82,15442
799,83,11547
800,84,6992
801,84,7015
802,85,2774
803,84,4971
804,84,3944
805,84,7136
806,85,2256
807,85,562
808,84,5728
809,81,23093
810,84,6891
811,84,6466
812,81,20071
813,83,10332
814,84,5640
815,85,3232
816,80,24751
817,84,4391
818,83,12872
819,85,3114
820,85,1808
821,84,5006
822,82,17859
823,81,20603
824,84,6575
825,84,7850
826,85,3184
827,79,30587
828,83,12194
829,84,8543
830,85,3457
831,80,25997
832,83,11203
833,83,10949
834,83,9412
835,81,21566
836,76,47378
837,84,5596
838,81,20483
839,82,15645
840,83,9485
841,85,3240
842,84,4893
843,84,7908
844,84,5372
845,85,3545
846,85,3003
847,80,27439
848,84,4477
849,85,3266
850,85,2734
851,80,24910
852,84,3966
853,85,2007
854,84,6623
855,84,5215
856,84,3995
857,84,7601
858,83,9366
859,84,4634
860,84,6221
861,85,1864
862,82,14185
863,84,4741
864,83,10010
865,81,21572
866,84,6207
867,76,47273
868,84,5642
869,82,16787
870,85,3118
871,85,3153
872,72,73262
873,84,7281
874,84,8874
875,84,7868
876,83,10797
877,85,2777
878,84,4501
879,85,3426
880,84,7156
881,85,2868
882,84,5713
883,83,13252
884,85,3360
885,85,2662
886,84,5142
887,84,5042
888,84,7563
889,84,6744
890,84,4933
891,84,5313
892,85,1669
893,85,1197
894,85,1467
895,84,5013
896,85,3637
897,82,16939
898,83,9468
899,85,1915
900,84,8556
901,82,16654
902,85,2359
903,85,2185
904,83,9082
905,84,5924
906,85,3016
907,82,15853
908,77,41556
909,85,3742
910,83,9116
911,85,1920
912,84,4175
913,84,6277
914,84,6030
915,84,5743
916,82,15661
917,85,2968
918,82,15318
919,84,4035
920,85,1235
921,80,29624
922,84,3992
923,80,26604
924,84,4144
925,84,4722
926,84,7397
927,84,3898
928,84,7417
929,79,33313
930,85,1349
931,84,4702
932,82,15397
933,80,27397
934,84,6586
935,83,10921
936,84,5521
937,84,5314
938,84,3893
939,83,12688
940,83,9187
941,84,4889
942,83,9854
943,84,4079
944,85,2379
945,85,3309
946,85,3536
947,84,4732
948,85,3307
949,84,5226
950,85,1327
951,85,1782
952,81,21565
953,84,5042
954,82,15703
955,83,10681
956,83,11820
957,83,10130
958,73,64968
959,84,3832
960,82,14705
961,75,55446
962,83,11183
963,85,847
964,85,3022
965,84,5558
966,81,21047
967,84,5395
968,85,3370
969,83,13717
970,83,12650
971,85,2261
972,84,8395
973,85,3458
974,83,12472
975,84,7821
976,79,32434
977,85,2661
978,84,8797
979,84,7402
980,81,22244
981,84,8371
982,82,18800
983,83,9142
984,85,3142
985,84,8043
986,83,9155
987,84,4725
988,85,2011
989,79,33445
990,84,7784
991,85,1764
992,85,2116
993,84,7441
994,84,6240
995,80,29306
996,84,6373
997,84,8201
998,81,20960
999,84,5877
1000,83,13797
1001,77,42342
1002,82,16608
1003,83,12298
1004,85,1758
1005,84,5037
1006,83,10779
1007,84,7333
1008,84,7808
1009,84,4827
1010,77,42663
1011,85,2881
1012,85,3643
1013,83,9043
1014,85,2009
1015,80,25931
1016,85,2147
1017,85,593
1018,81,22803
1019,84,6385
1020,83,11359
1021,84,4788
1022,84,6044
1023,83,9443
1024,81,23500
1025,84,6103
1026,83,10244
1027,85,844
1028,84,4923
1029,84,8378
1030,85,2735
1031,82,18913
1032,84,7900
1033,84,4143
1034,82,15649
1035,84,3872
1036,84,4772
1037,84,4518
1038,83,10132
1039,84,5914
1040,81,19666
1041,84,7656
1042,80,26284
1043,83,13017
1044,85,1807
1045,85,2205
1046,85,2823
1047,85,2073
1048,83,11605
1049,85,1451
1050,85,3504
1051,85,2933
1052,83,11621
1053,84,6480
1054,80,27537
1055,83,11646
1056,82,14566
1057,85,1052
1058,81,19991
1059,81,24287
1060,85,2549
1061,85,2386
1062,85,2646
1063,85,3677
1064,85,1890
1065,83,10419
1066,83,10367
1067,84,4442
1068,82,14895
1069,85,3348
1070,85,2306
1071,80,28796
1072,84,8666
1073,83,10308
1074,85,2607
1075,84,5943
1076,84,3822
1077,84,3964
1078,84,8360
1079,83,9637
1080,85,1379
1081,84,7986
1082,85,1087
1083,83,9044
1084,77,44702
1085,84,6727
1086,85,2101
1087,84,4266
1088,84,3770
1089,84,5819
1090,84,6816
1091,84,4943
1092,84,5537
1093,84,4362
1094,84,7946
1095,85,861
1096,85,1643
1097,83,9942
1098,84,6015
1099,83,12519
1100,85,1775
1101,84,5357
1102,84,5518
1103,85,2387
1104,84,5774
1105,80,24983
1106,85,3399
1107,82,14628
1108,85,3662
1109,83,13186
1110,84,4428
1111,78,38525
1112,83,9284
1113,84,7000
1114,82,15999
1115,85,1468
1116,82,16812
1117,84,5177
1118,84,5756
1119,85,2802
1120,80,29859
1121,84,8666
1122,85,2605
1123,84,8004
1124,84,4545
1125,76,46866
1126,84,6527
1127,85,2835
1128,78,38762
1129,84,5463
1130,84,4328
1131,82,17997
1132,84,3953
1133,84,5011
1134,84,7314
1135,85,1942
1136,85,2938
1137,83,10757
1138,82,15605
1139,83,11424
1140,84,6237
1141,85,3686
1142,84,6374
1143,85,681
1144,82,16593
1145,85,1334
1146,84,8327
1147,85,1500
1148,84,5351
1149,83,11388
1150,80,24932
1151,84,7962
1152,84,5974
1153,84,4409
1154,84,7070
1155,85,3275
1156,81,21516
1157,84,8595
1158,85,3484
1159,84,8462
1160,85,1551
1161,85,1753
1162,84,8683
1163,72,73513
1164,83,13545
1165,81,20635
1166,84,5481
1167,83,12074
1168,84,4817
1169,85,2448
1170,85,3625
1171,85,3293
1172,84,8033
1173,85,1034
1174,81,20363
1175,85,2873
1176,84,4772
1177,85,3437
1178,85,2163
1179,83,10248
1180,85,2266
1181,81,22700
1182,83,10857
1183,84,5919
1184,83,13121
1185,84,7936
1186,84,6385
1187,85,3479
1188,81,21444
1189,84,4346
1190,85,2265
1191,85,1117
1192,85,3615
1193,85,2874
1194,78,38746
1195,84,5740
1196,84,4903
1197,82,18878
1198,84,5631
1199,85,2393
1200,84,4424
