1,253,0
2,252,21
3,251,79
4,165,4540
5,252,11
6,253,0
7,253,0
8,252,11
9,253,0
10,244,383
11,251,72
12,253,0
13,253,0
14,253,0
15,251,63
16,253,0
17,240,570
18,251,70
19,253,0
20,252,47
21,253,9
22,253,0
23,253,0
24,252,51
25,251,69
26,253,0
27,213,1803
28,252,11
29,253,0
30,253,0
31,253,0
32,245,332
33,253,0
34,253,0
35,251,79
36,252,34
37,253,0
38,253,3
39,252,36
40,253,0
41,253,0
42,251,53
43,253,6
44,253,0
45,248,195
46,253,0
47,250,106
48,246,305
49,229,1040
50,252,17
51,253,3
52,253,0
53,253,0
54,253,0
55,253,0
56,253,0
57,252,14
58,251,69
59,252,11
60,250,111
61,248,186
62,251,58
63,253,0
64,253,0
65,252,30
66,252,38
67,253,0
68,253,0
69,251,80
70,252,13
71,226,1210
72,253,0
73,250,116
74,251,69
75,253,0
76,253,0
77,235,782
78,253,0
79,253,3
80,253,0
81,247,256
82,252,11
83,253,0
84,253,0
85,253,0
86,253,0
87,253,0
88,253,0
89,253,0
90,251,84
91,253,0
92,253,0
93,252,32
94,253,0
95,251,80
96,253,9
97,253,0
98,253,0
99,251,80
100,252,38
101,253,0
102,253,0
103,253,3
104,253,0
105,253,9
106,253,0
107,253,0
108,253,0
109,253,0
110,252,47
111,252,28
112,253,3
113,247,249
114,253,0
115,253,0
116,253,0
117,253,0
118,253,0
119,253,0
120,253,0
121,253,0
122,252,19
123,245,340
124,253,0
125,252,13
126,252,24
127,251,81
128,252,26
129,253,4
130,253,0
131,245,341
132,45,18362
133,253,3
134,253,0
135,248,186
136,253,0
137,251,76
138,253,0
139,241,518
140,253,4
141,253,0
142,252,13
143,252,13
144,253,0
145,253,0
146,253,0
147,253,0
148,253,0
149,251,80
150,253,0
151,249,160
152,251,92
153,240,537
154,253,0
155,245,310
156,253,0
157,251,64
158,226,1206
159,251,56
160,252,28
161,253,0
162,253,0
163,253,0
164,253,0
165,252,17
166,252,28
167,251,79
168,253,0
169,253,3
170,253,0
171,240,545
172,252,32
173,252,28
174,253,0
175,253,0
176,253,9
177,253,0
178,251,59
179,252,43
180,252,15
181,253,0
182,251,75
183,253,0
184,253,0
185,253,4
186,253,0
187,253,0
188,252,11
189,219,1511
190,253,0
191,244,390
192,253,0
193,253,0
194,253,0
195,253,0
196,253,0
197,253,0
198,252,17
199,253,0
200,250,105
201,252,13
202,227,1128
203,253,4
204,251,93
205,253,0
206,217,1600
207,251,82
208,248,211
209,253,0
210,251,93
211,252,26
212,253,8
213,253,0
214,253,0
215,253,0
216,241,485
217,252,17
218,253,0
219,253,0
220,250,137
221,252,21
222,253,6
223,253,6
224,253,4
225,252,22
226,253,0
227,253,0
228,253,0
229,252,11
230,252,11
231,253,0
232,253,0
233,252,43
234,253,0
235,253,0
236,253,0
237,241,520
238,243,425
239,253,0
240,249,143
241,253,0
242,253,6
243,249,143
244,253,0
245,253,0
246,224,1276
247,253,0
248,253,0
249,250,119
250,253,0
251,253,5
252,253,0
253,252,26
254,251,66
255,253,0
256,251,69
257,253,0
258,253,0
259,253,0
260,253,0
261,225,1225
262,253,0
263,253,0
264,147,5737
265,253,0
266,252,45
267,251,53
268,251,58
269,253,0
270,252,49
271,253,0
272,253,0
273,253,0
274,253,0
275,253,0
276,253,0
277,253,0
278,253,3
279,253,0
280,248,186
281,252,32
282,253,9
283,253,9
284,232,920
285,253,0
286,253,0
287,253,0
288,252,26
289,253,0
290,253,0
291,253,0
292,250,116
293,252,40
294,253,0
295,253,0
296,248,209
297,252,26
298,253,0
299,253,0
300,253,0
301,253,0
302,253,0
303,251,53
304,253,0
305,253,0
306,252,39
307,252,25
308,253,0
309,253,0
310,252,26
311,252,11
312,253,0
313,253,0
314,252,11
315,253,3
316,252,38
317,252,51
318,251,88
319,250,100
320,251,74
321,253,0
322,253,0
323,251,74
324,253,0
325,251,60
326,253,8
327,252,26
328,253,0
329,253,0
330,251,60
331,253,0
332,253,9
333,253,0
334,252,11
335,251,80
336,253,0
337,253,0
338,251,68
339,252,17
340,251,66
341,253,0
342,252,11
343,253,0
344,253,0
345,253,0
346,252,28
347,251,68
348,253,0
349,251,66
350,253,3
351,253,0
352,252,32
353,253,5
354,253,0
355,253,0
356,252,24
357,252,17
358,253,0
359,253,4
360,246,278
361,253,0
362,253,0
363,252,37
364,252,45
365,251,88
366,253,0
367,253,0
368,253,0
369,248,206
370,245,319
371,253,0
372,253,0
373,253,0
374,252,26
375,252,21
376,241,492
377,252,45
378,252,52
379,253,0
380,252,25
381,253,0
382,252,36
383,252,26
384,252,13
385,252,13
386,253,0
387,253,5
388,252,30
389,253,9
390,252,11
391,252,43
392,253,0
393,253,0
394,253,0
395,253,0
396,253,6
397,251,90
398,252,13
399,253,0
400,252,15
401,252,26
402,253,0
403,252,26
404,253,0
405,253,0
406,245,328
407,252,21
408,253,6
409,248,219
410,227,1129
411,253,0
412,252,13
413,253,0
414,253,0
415,252,21
416,253,9
417,253,0
418,253,0
419,3,46760
420,253,0
421,253,0
422,252,49
423,253,0
424,253,0
425,253,0
426,253,6
427,252,11
428,253,0
429,253,4
430,252,36
431,253,0
432,251,54
433,253,0
434,253,0
435,253,9
436,251,60
437,252,26
438,253,0
439,253,0
440,252,28
441,252,35
442,253,0
443,251,57
444,253,0
445,253,0
446,247,235
447,252,43
448,253,4
449,250,120
450,253,0
451,251,80
452,253,0
453,252,34
454,252,11
455,253,0
456,251,71
457,252,21
458,253,0
459,253,0
460,251,80
461,253,0
462,253,0
463,253,9
464,253,0
465,253,0
466,253,5
467,250,108
468,252,28
469,253,0
470,252,19
471,253,0
472,253,0
473,253,0
474,252,25
475,253,0
476,242,480
477,248,186
478,248,214
479,252,24
480,252,11
481,253,0
482,253,0
483,252,16
484,252,17
485,253,0
486,253,4
487,252,43
488,253,0
489,252,19
490,252,26
491,252,26
492,249,172
493,253,0
494,253,0
495,252,13
496,252,28
497,253,0
498,253,0
499,252,13
500,252,44
501,252,17
502,253,0
503,251,80
504,253,0
505,249,172
506,251,69
507,253,0
508,252,21
509,253,9
510,252,11
511,252,34
512,251,60
513,200,2480
514,250,109
515,253,0
516,252,34
517,253,0
518,252,36
519,252,13
520,252,26
521,253,3
522,253,0
523,249,149
524,253,0
525,252,16
526,249,145
527,253,6
528,253,0
529,252,24
530,248,205
531,243,430
532,251,55
533,253,0
534,249,171
535,252,36
536,253,0
537,251,69
538,253,0
539,253,0
540,253,4
541,253,0
542,252,13
543,253,9
544,253,0
545,253,3
546,252,32
547,253,0
548,253,0
549,252,20
550,253,0
551,95,10428
552,252,43
553,253,0
554,253,0
555,253,5
556,252,29
557,252,35
558,253,0
559,253,0
560,253,0
561,253,0
562,253,0
563,251,90
564,251,66
565,253,0
566,253,0
567,252,13
568,230,1018
569,252,24
570,253,0
571,253,3
572,242,445
573,251,69
574,242,479
575,252,19
576,250,121
577,253,3
578,253,0
579,253,0
580,245,319
581,240,537
582,253,0
583,245,320
584,252,51
585,250,106
586,252,17
587,251,82
588,250,114
589,253,9
590,253,0
591,253,0
592,253,0
593,253,0
594,253,0
595,253,0
596,252,43
597,253,0
598,251,58
599,252,49
600,249,170
601,252,36
602,253,0
603,252,28
604,253,4
605,253,0
606,253,0
607,253,0
608,253,3
609,253,0
610,214,1769
611,252,13
612,253,6
613,249,169
614,6,40713
615,253,0
616,253,0
617,252,38
618,217,1633
619,230,1015
620,253,0
621,253,0
622,251,58
623,253,0
624,252,13
625,250,106
626,252,15
627,253,0
628,253,0
629,252,11
630,253,0
631,247,230
632,252,20
633,253,0
634,247,228
635,248,219
636,253,0
637,250,121
638,252,43
639,253,0
640,252,41
641,252,13
642,253,3
643,252,19
644,253,0
645,253,0
646,253,0
647,252,43
648,252,51
649,247,242
650,253,0
651,253,0
652,253,0
653,253,0
654,253,0
655,252,13
656,252,13
657,253,5
658,252,13
659,253,9
660,252,11
661,253,0
662,252,13
663,253,0
664,251,83
665,250,101
666,252,21
667,207,2141
668,252,30
669,251,55
670,252,13
671,251,73
672,252,13
673,251,64
674,252,43
675,240,556
676,252,11
677,252,34
678,252,24
679,253,0
680,253,0
681,252,13
682,253,0
683,253,0
684,253,0
685,235,763
686,252,32
687,241,490
688,253,0
689,253,3
690,253,0
691,252,30
692,253,0
693,252,11
694,251,94
695,253,8
696,253,0
697,253,0
698,252,43
699,253,0
700,252,38
701,238,648
702,251,58
703,253,0
704,253,0
705,253,0
706,253,0
707,252,43
708,253,0
709,252,26
710,252,15
711,253,0
712,253,5
713,253,0
714,253,0
715,253,0
716,253,0
717,253,0
718,252,27
719,247,261
720,253,8
721,253,3
722,253,0
723,253,0
724,253,0
725,253,0
726,253,0
727,253,0
728,251,72
729,251,86
730,138,6428
731,241,495
732,252,34
733,253,0
734,249,170
735,249,138
736,253,0
737,253,0
738,253,5
739,137,6542
740,253,0
741,253,0
742,250,95
743,253,0
744,253,0
745,253,0
746,244,378
747,253,6
748,253,0
749,236,743
750,251,66
751,252,13
752,253,0
753,252,17
754,253,0
755,251,73
756,252,32
757,253,0
758,253,0
759,245,319
760,252,13
761,253,0
762,253,0
763,245,341
764,253,0
765,253,0
766,251,63
767,253,0
768,253,0
769,253,0
770,253,0
771,251,72
772,250,132
773,253,0
774,253,0
775,253,0
776,245,319
777,252,19
778,252,11
779,252,17
780,253,0
781,253,0
782,252,11
783,253,5
784,252,51
785,252,42
786,253,0
787,253,0
788,253,0
789,183,3442
790,253,0
791,253,0
792,253,3
793,243,437
794,253,0
795,253,0
796,253,0
797,251,92
798,253,9
799,253,5
800,252,43
801,240,565
802,253,0
803,253,6
804,253,0
805,253,0
806,253,0
807,251,58
808,253,0
809,253,3
810,250,120
811,252,27
812,253,0
813,253,0
814,252,11
815,252,16
816,252,21
817,251,68
818,253,0
819,250,102
820,253,0
821,253,6
822,242,447
823,253,0
824,252,26
825,253,0
826,253,0
827,251,60
828,253,0
829,250,126
830,253,0
831,252,26
832,253,0
833,253,0
834,253,0
835,249,160
836,253,0
837,250,108
838,251,77
839,240,562
840,252,11
841,253,0
842,253,9
843,252,16
844,253,0
845,250,116
846,253,0
847,252,15
848,253,3
849,253,0
850,253,3
851,253,0
852,253,0
853,252,37
854,250,124
855,253,0
856,253,0
857,253,0
858,253,0
859,253,0
860,250,109
861,252,30
862,252,17
863,253,0
864,252,16
865,203,2309
866,253,0
867,251,92
868,252,11
869,247,254
870,250,96
871,253,9
872,252,32
873,253,0
874,253,0
875,253,0
876,253,0
877,253,0
878,252,16
879,251,65
880,250,116
881,253,0
882,251,68
883,253,0
884,253,0
885,253,0
886,250,112
887,252,25
888,253,0
889,253,0
890,252,32
891,252,11
892,250,113
893,253,0
894,248,197
895,253,0
896,253,6
897,253,0
898,252,11
899,252,19
900,252,43
901,253,0
902,253,0
903,253,3
904,249,178
905,253,0
906,252,11
907,253,0
908,253,0
909,252,25
910,253,0
911,252,13
912,252,14
913,244,366
914,253,0
915,251,92
916,253,7
917,252,32
918,253,0
919,253,0
920,252,13
921,250,111
922,251,75
923,253,0
924,253,8
925,253,0
926,253,0
927,253,5
928,251,80
929,252,13
930,253,0
931,252,13
932,253,0
933,253,0
934,253,0
935,253,0
936,253,6
937,253,0
938,253,0
939,253,0
940,252,21
941,253,0
942,246,282
943,253,0
944,245,328
945,253,0
946,240,563
947,253,3
948,252,43
949,252,36
950,249,165
951,252,18
952,253,0
953,243,439
954,252,15
955,250,98
956,253,0
957,252,25
958,251,73
959,252,26
960,253,0
961,253,0
962,253,6
963,253,0
964,253,0
965,253,0
966,253,0
967,253,9
968,251,69
969,253,0
970,253,0
971,252,45
972,252,11
973,250,120
974,237,664
975,253,0
976,247,241
977,250,130
978,253,0
979,253,0
980,217,1600
981,253,0
982,253,0
983,252,13
984,253,0
985,253,0
986,253,0
987,253,0
988,253,0
989,253,0
990,252,30
991,252,25
992,252,38
993,252,39
994,252,11
995,247,242
996,253,0
997,253,0
998,253,9
999,253,0
1000,253,0
1001,250,111
1002,252,29
1003,253,0
1004,253,0
1005,253,0
1006,252,21
1007,215,1707
1008,252,38
1009,253,0
1010,253,0
1011,253,0
1012,253,0
1013,253,8
1014,186,3238
1015,253,6
1016,253,4
1017,250,117
1018,253,0
1019,253,0
1020,251,92
1021,251,66
1022,253,0
1023,253,0
1024,253,0
1025,242,479
1026,253,0
1027,252,26
1028,253,0
1029,250,127
1030,253,0
1031,252,23
1032,252,26
1033,250,111
1034,252,27
1035,252,25
1036,252,28
1037,253,0
1038,253,9
1039,253,0
1040,252,13
1041,252,11
1042,253,0
1043,251,92
1044,237,694
1045,251,58
1046,253,0
1047,253,0
1048,217,1633
1049,253,0
1050,252,43
1051,253,0
1052,252,43
1053,253,0
1054,253,0
1055,253,0
1056,252,38
1057,238,641
1058,250,129
1059,253,0
1060,253,0
1061,252,25
1062,248,207
1063,253,0
1064,253,0
1065,252,22
1066,252,13
1067,253,6
1068,253,6
1069,252,43
1070,252,13
1071,252,13
1072,251,72
1073,253,0
1074,253,6
1075,253,0
1076,252,11
1077,252,13
1078,231,966
1079,253,0
1080,252,11
1081,251,94
1082,253,0
1083,253,0
1084,253,0
1085,253,0
1086,248,214
1087,253,9
1088,252,13
1089,253,0
1090,253,9
1091,253,0
1092,253,0
1093,252,36
1094,250,107
1095,249,145
1096,253,0
1097,252,13
1098,231,979
1099,251,58
1100,253,3
1101,253,0
1102,250,105
1103,253,6
1104,253,3
1105,252,26
1106,252,17
1107,253,0
1108,251,82
1109,253,0
1110,252,13
1111,252,13
1112,252,49
1113,253,0
1114,253,0
1115,253,0
1116,253,0
1117,253,9
1118,253,0
1119,253,0
1120,253,0
1121,253,3
1122,252,21
1123,253,0
1124,253,0
1125,251,69
1126,252,34
1127,252,21
1128,251,79
1129,252,15
1130,252,49
1131,252,17
1132,253,0
1133,253,0
1134,253,0
1135,252,30
1136,253,0
1137,253,0
1138,252,11
1139,253,0
1140,235,768
1141,252,38
1142,253,3
1143,253,6
1144,253,0
1145,253,0
1146,253,0
1147,253,8
1148,245,344
1149,241,494
1150,253,0
1151,253,0
1152,252,13
1153,253,0
1154,252,38
1155,252,32
1156,251,58
1157,252,17
1158,253,0
1159,251,64
1160,251,56
1161,252,15
1162,252,13
1163,253,0
1164,253,0
1165,252,11
1166,252,13
1167,238,659
1168,253,0
1169,253,0
1170,253,0
1171,253,3
1172,252,25
1173,251,62
1174,252,23
1175,252,45
1176,248,192
1177,252,28
1178,253,3
1179,253,0
1180,251,80
1181,253,0
1182,253,0
1183,253,0
1184,253,0
1185,253,0
1186,253,0
1187,252,26
1188,253,0
1189,252,32
1190,253,0
1191,249,139
1192,252,21
1193,253,0
1194,253,0
1195,253,9
1196,252,35
1197,249,146
1198,252,30
1199,252,13
1200,250,103
1201,253,0
1202,252,26
1203,253,0
1204,252,11
1205,252,13
1206,252,48
1207,251,58
1208,252,21
1209,213,1845
1210,252,44
1211,253,0
1212,253,0
1213,252,38
1214,253,3
1215,253,0
1216,252,43
1217,252,52
1218,252,13
1219,252,21
1220,246,292
1221,253,0
1222,253,0
1223,253,0
1224,248,185
1225,253,0
1226,252,32
1227,248,186
1228,253,0
1229,253,0
1230,253,0
1231,253,4
1232,252,17
1233,253,0
1234,253,0
1235,253,0
1236,246,301
1237,252,30
1238,251,60
1239,248,222
1240,253,0
1241,252,13
1242,252,12
1243,252,19
1244,253,0
1245,253,3
1246,253,0
1247,206,2181
1248,253,0
1249,247,225
1250,252,11
1251,242,456
1252,252,26
1253,252,24
1254,252,13
1255,252,36
1256,253,3
1257,253,0
1258,253,0
1259,253,0
1260,253,0
1261,250,95
1262,253,0
1263,253,8
1264,252,11
1265,252,36
1266,253,9
1267,252,17
1268,252,11
1269,253,0
1270,253,0
1271,253,0
1272,253,0
1273,253,0
1274,252,47
1275,232,926
1276,253,0
1277,252,34
1278,253,0
1279,253,0
1280,253,0
1281,250,109
1282,253,0
1283,253,0
1284,253,5
1285,252,30
1286,252,43
1287,253,0
1288,253,5
1289,253,0
1290,252,25
1291,252,30
1292,227,1128
1293,253,0
1294,252,19
1295,253,0
1296,253,0
1297,253,0
1298,245,343
1299,253,0
1300,130,7039
1301,252,21
1302,253,0
1303,253,0
1304,253,0
1305,253,3
1306,252,26
1307,250,125
1308,252,24
1309,252,11
1310,251,79
1311,253,9
1312,253,0
1313,253,0
1314,251,58
1315,253,0
1316,253,0
1317,253,0
1318,253,0
1319,253,0
1320,253,0
1321,252,32
1322,252,13
1323,231,961
1324,253,0
1325,253,0
1326,251,53
1327,252,30
1328,253,0
1329,251,66
1330,252,11
1331,253,0
1332,252,39
1333,249,160
1334,253,0
1335,253,6
1336,253,0
1337,243,418
1338,239,574
1339,253,0
1340,253,0
1341,253,0
1342,253,5
1343,252,13
1344,251,69
1345,253,0
1346,252,38
1347,252,17
1348,252,17
1349,253,0
1350,245,344
1351,251,86
1352,253,9
1353,251,80
1354,240,554
1355,253,0
1356,249,144
1357,251,69
1358,253,0
1359,253,0
1360,253,0
1361,253,0
1362,253,0
1363,253,0
1364,252,38
1365,252,25
1366,253,0
1367,253,0
1368,253,3
1369,253,0
1370,249,141
1371,253,6
1372,252,18
1373,252,13
1374,252,21
1375,240,562
1376,253,0
1377,253,0
1378,248,221
1379,251,92
1380,251,56
1381,253,0
1382,253,0
1383,253,0
1384,253,0
1385,253,0
1386,253,0
1387,253,6
1388,253,0
1389,253,0
1390,253,0
1391,242,449
1392,252,25
1393,253,0
1394,249,159
1395,253,0
1396,253,0
1397,158,4986
1398,253,3
1399,245,339
1400,252,21
1401,253,0
1402,252,26
1403,253,0
1404,252,50
1405,253,0
1406,252,13
1407,252,19
1408,253,0
1409,235,756
1410,253,0
1411,253,4
1412,252,26
1413,253,0
1414,253,0
1415,251,71
1416,253,0
1417,253,0
1418,215,1714
1419,247,241
1420,253,3
1421,253,0
1422,253,0
1423,253,0
1424,250,110
1425,252,23
1426,253,0
1427,252,11
1428,253,0
1429,252,17
1430,253,0
1431,253,0
1432,253,0
1433,252,26
1434,253,0
1435,252,34
1436,253,0
1437,251,62
1438,239,616
1439,253,0
1440,253,0
1441,253,0
1442,252,46
1443,253,0
1444,253,0
1445,252,21
1446,253,0
1447,245,338
1448,253,0
1449,253,0
1450,253,0
1451,250,110
1452,253,0
1453,251,70
1454,253,0
1455,253,0
1456,252,26
1457,246,285
1458,251,72
1459,253,0
1460,253,0
1461,252,13
1462,251,76
1463,253,0
1464,249,163
1465,252,13
1466,253,0
1467,252,37
1468,253,0
1469,253,0
1470,251,78
1471,253,0
1472,253,0
1473,251,88
1474,253,0
1475,220,1499
1476,252,48
1477,252,11
1478,253,0
1479,253,0
1480,253,0
1481,253,0
1482,249,151
1483,253,0
1484,251,74
1485,253,0
1486,251,58
1487,250,137
1488,249,151
1489,251,69
1490,253,0
1491,252,13
1492,251,82
1493,252,32
1494,253,0
1495,251,55
1496,251,81
1497,253,0
1498,252,26
1499,253,0
1500,253,0
1501,253,0
1502,253,0
1503,253,0
1504,225,1254
1505,252,26
1506,253,0
1507,253,0
1508,253,6
1509,253,0
1510,251,64
1511,253,6
1512,253,0
1513,252,38
1514,253,6
1515,253,0
1516,252,17
1517,253,0
1518,253,9
1519,252,21
1520,253,0
1521,253,0
1522,253,0
1523,245,349
1524,250,105
1525,251,94
1526,253,0
1527,253,0
1528,250,128
1529,244,367
1530,249,146
1531,250,112
1532,250,110
1533,253,0
1534,253,0
1535,253,0
1536,248,188
1537,253,6
1538,253,0
1539,253,5
1540,253,0
1541,251,72
1542,253,0
1543,252,17
1544,253,0
1545,253,0
1546,253,0
1547,250,118
1548,248,213
1549,253,0
1550,253,0
1551,252,26
1552,253,0
1553,252,22
1554,253,0
1555,253,0
1556,253,6
1557,253,0
1558,253,9
1559,253,0
1560,253,0
1561,253,0
1562,253,0
1563,253,0
1564,241,490
1565,253,0
1566,253,0
1567,253,0
1568,253,0
1569,253,0
1570,241,506
1571,253,0
1572,253,0
1573,233,848
1574,253,0
1575,234,835
1576,253,0
1577,248,213
1578,245,328
1579,253,0
1580,252,11
1581,236,715
1582,251,70
1583,253,0
1584,253,0
1585,253,0
1586,252,32
1587,253,0
1588,253,6
1589,253,0
1590,253,0
1591,253,0
1592,251,78
1593,252,49
1594,253,0
1595,252,26
1596,253,0
1597,251,67
1598,217,1621
1599,245,352
1600,253,0
1601,252,16
1602,253,0
1603,252,26
1604,253,0
1605,252,43
1606,251,53
1607,253,3
1608,253,0
1609,253,0
1610,217,1638
1611,253,0
1612,253,8
1613,253,0
1614,252,24
1615,252,21
1616,251,92
1617,253,4
1618,253,0
1619,253,0
1620,252,19
1621,253,0
1622,253,0
1623,250,126
1624,253,5
1625,217,1626
1626,253,0
1627,252,26
1628,253,0
1629,253,0
1630,253,0
1631,253,4
1632,253,0
1633,252,13
1634,253,0
1635,253,0
1636,231,950
1637,248,192
1638,253,9
1639,248,212
1640,252,28
1641,252,11
1642,253,0
1643,253,0
1644,250,105
1645,253,0
1646,252,13
1647,235,756
1648,253,0
1649,252,21
1650,251,69
1651,251,77
1652,187,3226
1653,253,0
1654,253,0
1655,253,0
1656,251,82
1657,251,54
1658,252,30
1659,253,0
1660,253,0
1661,249,152
1662,253,0
1663,232,909
1664,252,16
1665,253,0
1666,253,0
1667,253,0
1668,251,79
1669,252,26
1670,253,0
1671,252,43
1672,238,638
1673,253,0
1674,253,0
1675,241,500
1676,253,0
1677,252,25
1678,253,0
1679,250,128
1680,253,0
1681,253,0
1682,252,40
1683,253,0
1684,252,26
1685,251,69
1686,253,0
1687,252,26
1688,252,17
1689,253,0
1690,253,0
1691,253,0
1692,242,463
1693,253,0
1694,253,0
1695,251,74
1696,250,97
1697,253,0
1698,253,0
1699,252,42
1700,253,0
1701,253,0
1702,253,0
1703,251,86
1704,252,25
1705,252,43
1706,253,0
1707,250,105
1708,253,9
1709,253,0
1710,253,0
1711,252,48
1712,253,0
1713,253,0
1714,253,0
1715,253,6
1716,253,0
1717,253,9
1718,250,120
1719,252,33
1720,252,11
1721,252,42
1722,252,26
1723,248,199
1724,253,0
1725,253,0
1726,252,47
1727,253,0
1728,252,38
1729,253,3
1730,247,245
1731,253,0
1732,253,0
1733,253,0
1734,252,11
1735,251,56
1736,253,9
1737,241,522
1738,252,39
1739,252,23
1740,253,0
1741,253,0
1742,253,0
1743,253,0
1744,252,30
1745,108,9025
1746,253,0
1747,252,28
1748,253,3
1749,253,0
1750,251,58
1751,253,3
1752,253,0
1753,252,11
1754,253,0
1755,249,151
1756,253,0
1757,241,521
1758,240,543
1759,252,13
1760,253,6
1761,253,0
1762,253,0
1763,253,9
1764,253,0
1765,253,0
1766,253,0
1767,252,39
1768,253,0
1769,253,0
1770,253,0
1771,252,26
1772,251,53
1773,251,80
1774,253,0
1775,252,35
1776,253,6
1777,253,9
1778,253,0
1779,253,0
1780,251,70
1781,253,0
1782,253,0
1783,253,0
1784,251,66
1785,253,0
1786,253,0
1787,253,0
1788,245,346
1789,253,0
1790,253,0
1791,253,0
1792,252,13
1793,246,289
1794,253,0
1795,252,51
1796,253,0
1797,252,17
1798,243,439
1799,250,96
1800,249,164
1801,245,319
1802,252,32
1803,253,0
1804,253,9
1805,253,0
1806,253,0
1807,252,21
1808,253,0
1809,252,25
1810,252,19
1811,253,0
1812,251,94
1813,253,0
1814,252,32
1815,253,0
1816,253,9
1817,252,17
1818,252,38
1819,252,15
1820,253,0
1821,253,0
1822,253,4
1823,253,0
1824,253,0
1825,253,0
1826,252,19
1827,251,69
1828,252,32
1829,234,811
1830,253,0
1831,253,0
1832,236,742
1833,253,0
1834,244,368
1835,128,7280
1836,253,0
1837,253,4
1838,253,9
1839,253,0
1840,253,0
1841,252,24
1842,252,13
1843,253,4
1844,252,26
1845,253,0
1846,252,21
1847,253,0
1848,252,30
1849,252,30
1850,252,12
1851,250,105
1852,251,68
1853,253,3
1854,253,3
1855,253,0
1856,253,0
1857,253,0
1858,253,0
1859,247,261
1860,245,319
1861,252,11
1862,253,0
1863,234,836
1864,238,650
1865,253,6
1866,253,0
1867,253,0
1868,252,26
1869,253,0
1870,252,34
1871,252,13
1872,253,0
1873,252,13
1874,252,13
1875,253,4
1876,253,0
1877,253,0
1878,249,140
1879,252,11
1880,251,69
1881,253,0
1882,253,0
1883,253,0
1884,253,0
1885,253,0
1886,253,0
1887,253,0
1888,252,13
1889,253,0
1890,253,0
1891,253,9
1892,247,240
1893,251,75
1894,252,11
1895,245,336
1896,245,328
1897,252,13
1898,253,0
1899,253,0
1900,251,53
1901,253,0
1902,253,0
1903,253,9
1904,253,0
1905,253,0
1906,253,0
1907,253,0
1908,252,13
1909,252,40
1910,253,6
1911,253,0
1912,253,8
1913,253,0
1914,253,0
1915,252,11
1916,253,0
1917,253,0
1918,253,0
1919,253,0
1920,253,0
1921,253,0
1922,253,9
1923,252,22
1924,253,0
1925,235,756
1926,250,98
1927,253,0
1928,248,223
1929,253,0
1930,253,8
1931,252,47
1932,251,69
1933,252,51
1934,253,0
1935,244,371
1936,251,53
1937,252,37
1938,253,0
1939,253,0
1940,252,30
1941,253,0
1942,253,0
1943,253,0
1944,252,13
1945,220,1494
1946,253,9
1947,241,528
1948,253,0
1949,253,0
1950,253,0
1951,252,17
1952,253,0
1953,253,9
1954,253,0
1955,252,25
1956,253,0
1957,253,0
1958,252,32
1959,252,20
1960,253,0
1961,253,0
1962,241,490
1963,252,14
1964,251,69
1965,253,8
1966,252,36
1967,111,8774
1968,252,26
1969,252,11
1970,253,0
1971,251,57
1972,252,51
1973,251,82
1974,252,11
1975,253,0
1976,251,89
1977,253,0
1978,253,0
1979,252,36
1980,253,6
1981,253,0
1982,249,160
1983,251,64
1984,249,171
1985,251,53
1986,252,21
1987,253,0
1988,253,0
1989,253,0
1990,253,0
1991,253,0
1992,250,124
1993,253,0
1994,248,197
1995,253,0
1996,252,26
1997,253,0
1998,253,0
1999,251,88
2000,253,0
2001,253,0
2002,253,0
2003,250,101
2004,253,0
2005,253,0
2006,252,39
2007,252,25
2008,241,505
2009,253,0
2010,249,159
2011,253,0
2012,253,9
2013,253,0
2014,252,35
2015,253,0
2016,253,5
2017,248,191
2018,253,0
2019,253,0
2020,244,396
2021,253,0
2022,253,0
2023,253,0
2024,252,41
2025,253,0
2026,253,0
2027,252,47
2028,252,13
2029,253,0
2030,251,58
2031,250,101
2032,249,171
2033,251,77
2034,253,0
2035,252,11
2036,249,160
2037,253,0
2038,251,69
2039,253,0
2040,253,0
2041,245,331
2042,252,36
2043,253,9
2044,252,19
2045,252,13
2046,250,114
2047,231,947
2048,252,36
2049,253,8
2050,253,0
2051,253,0
2052,252,17
2053,248,203
2054,253,6
2055,253,0
2056,249,161
2057,253,4
2058,253,0
2059,253,8
2060,250,117
2061,253,0
2062,253,0
2063,253,3
2064,253,9
2065,247,229
2066,253,0
2067,252,13
2068,253,0
2069,250,100
2070,253,5
2071,252,14
2072,253,0
2073,253,0
2074,253,0
2075,252,11
2076,253,0
2077,252,13
2078,252,11
2079,252,34
2080,252,30
2081,252,27
2082,253,0
2083,251,59
2084,253,0
2085,253,0
2086,253,0
2087,247,230
2088,253,0
2089,252,28
2090,253,0
2091,253,6
2092,241,517
2093,252,13
2094,253,0
2095,252,52
2096,253,0
2097,242,484
2098,253,0
2099,253,0
2100,252,43
2101,252,13
2102,216,1688
2103,252,11
2104,253,4
2105,253,9
2106,253,0
2107,253,0
2108,252,11
2109,253,0
2110,253,9
2111,252,30
2112,253,0
2113,253,0
2114,253,0
2115,253,0
2116,252,39
2117,253,6
2118,253,0
2119,253,3
2120,249,152
2121,253,0
2122,252,45
2123,252,15
2124,252,26
2125,251,58
2126,253,9
2127,251,79
2128,253,0
2129,253,0
2130,253,0
2131,253,0
2132,252,11
2133,250,132
2134,253,0
2135,252,45
2136,251,53
2137,253,9
2138,253,0
2139,253,0
2140,253,8
2141,253,0
2142,251,62
2143,249,166
2144,252,11
2145,253,0
2146,253,8
2147,253,0
2148,253,0
2149,253,0
2150,248,220
2151,253,0
2152,252,19
2153,253,0
2154,250,114
2155,253,3
2156,253,0
2157,253,0
2158,252,26
2159,253,0
2160,252,24
2161,251,58
2162,253,0
2163,253,0
2164,253,0
2165,148,5698
2166,252,38
2167,253,0
2168,253,0
2169,253,0
2170,253,0
2171,253,0
2172,253,4
2173,253,0
2174,252,23
2175,253,5
2176,253,0
2177,253,0
2178,252,32
2179,249,160
2180,253,9
2181,252,21
2182,253,0
2183,253,0
2184,252,18
2185,253,5
2186,216,1658
2187,251,64
2188,252,21
2189,252,13
2190,247,257
2191,252,17
2192,253,9
2193,251,70
2194,252,43
2195,252,11
2196,252,26
2197,253,0
2198,252,21
2199,253,0
2200,253,4
2201,252,43
2202,253,0
2203,253,0
2204,235,768
2205,252,21
2206,252,26
2207,253,0
2208,252,35
2209,252,13
2210,252,34
2211,253,0
2212,253,0
2213,253,0
2214,234,801
2215,252,20
2216,253,0
2217,251,59
2218,253,0
2219,252,13
2220,253,0
2221,253,9
2222,252,11
2223,252,13
2224,252,51
2225,253,4
2226,253,0
2227,253,0
2228,253,0
2229,252,26
2230,253,0
2231,235,788
2232,250,103
2233,251,65
2234,253,0
2235,251,55
2236,253,0
2237,253,0
2238,248,202
2239,251,76
2240,252,39
2241,253,0
2242,253,0
2243,253,0
2244,253,0
2245,250,103
2246,252,21
2247,229,1053
2248,253,8
2249,246,284
2250,253,0
2251,252,26
2252,253,0
2253,252,21
2254,252,25
2255,253,0
2256,253,0
2257,253,8
2258,253,0
2259,243,416
2260,253,9
2261,253,0
2262,253,0
2263,253,0
2264,251,69
2265,252,38
2266,248,222
2267,253,0
2268,253,0
2269,252,29
2270,249,160
2271,253,0
2272,253,0
2273,253,0
2274,253,0
2275,252,25
2276,253,8
2277,252,13
2278,252,14
2279,253,0
2280,253,0
2281,252,17
2282,240,540
2283,252,51
2284,250,106
2285,251,69
2286,252,13
2287,248,208
2288,253,0
2289,253,0
2290,253,0
2291,253,0
2292,240,553
2293,253,0
2294,251,62
2295,253,0
2296,253,0
2297,253,0
2298,252,25
2299,252,21
2300,252,19
2301,253,0
2302,252,21
2303,252,38
2304,251,53
2305,253,0
2306,247,232
2307,253,0
2308,253,0
2309,252,36
2310,253,0
2311,253,0
2312,252,13
2313,253,0
2314,253,0
2315,253,0
2316,253,0
2317,250,124
2318,253,4
2319,253,6
2320,251,54
2321,252,11
2322,253,0
2323,251,64
2324,253,0
2325,252,26
2326,252,11
2327,235,754
2328,244,387
2329,252,19
2330,238,647
2331,252,24
2332,245,350
2333,252,13
2334,253,0
2335,250,135
2336,253,0
2337,253,0
2338,253,0
2339,253,0
2340,252,17
2341,253,0
2342,252,19
2343,253,0
2344,251,90
2345,253,3
2346,251,58
2347,253,0
2348,250,100
2349,253,0
2350,253,0
2351,252,15
2352,252,42
2353,253,3
2354,252,13
2355,253,0
2356,251,54
2357,253,0
2358,253,0
2359,253,0
2360,253,0
2361,253,4
2362,253,0
2363,252,37
2364,252,43
2365,253,0
2366,253,0
2367,253,0
2368,252,21
2369,252,17
2370,242,479
2371,253,0
2372,240,558
2373,253,0
2374,252,43
2375,253,0
2376,253,0
2377,251,94
2378,253,0
2379,253,0
2380,89,11111
2381,253,0
2382,251,79
2383,252,11
2384,252,38
2385,253,0
2386,253,3
2387,253,0
2388,253,0
2389,252,11
2390,253,0
2391,253,0
2392,242,479
2393,253,0
2394,252,30
2395,253,3
2396,251,79
2397,253,0
2398,252,25
2399,253,0
2400,252,17
2401,253,0
2402,253,0
2403,253,0
2404,253,9
2405,253,0
2406,218,1557
2407,253,0
2408,253,8
2409,253,0
2410,252,51
2411,250,123
2412,252,25
2413,253,0
2414,253,5
2415,253,0
2416,253,3
2417,253,5
2418,250,122
2419,253,0
2420,252,11
2421,251,58
2422,252,28
2423,253,4
2424,229,1046
2425,244,370
2426,253,0
2427,253,0
2428,253,0
2429,251,59
2430,253,0
2431,253,0
2432,251,58
2433,250,113
2434,253,0
2435,253,0
2436,253,5
2437,252,19
2438,253,4
2439,253,0
2440,141,6207
2441,253,8
2442,252,15
2443,252,13
2444,253,0
2445,240,548
2446,249,143
2447,253,0
2448,253,0
2449,253,8
2450,253,0
2451,253,0
2452,251,73
2453,253,0
2454,252,21
2455,242,468
2456,251,76
2457,251,78
2458,253,0
2459,252,21
2460,252,21
2461,253,0
2462,252,13
2463,253,3
2464,252,25
2465,251,91
2466,253,0
2467,251,80
2468,253,9
2469,251,92
2470,253,0
2471,250,101
2472,252,43
2473,253,0
2474,253,0
2475,253,0
2476,253,0
2477,253,0
2478,252,13
2479,252,11
2480,253,4
2481,217,1641
2482,253,0
2483,253,0
2484,253,0
2485,253,5
2486,253,0
2487,253,0
2488,251,80
2489,253,0
2490,252,32
2491,250,103
2492,253,8
2493,248,197
2494,251,82
2495,252,11
2496,253,0
2497,253,0
2498,248,192
2499,253,0
2500,253,0
2501,253,0
2502,251,79
2503,253,0
2504,213,1799
2505,252,13
2506,237,673
2507,253,0
2508,253,0
2509,228,1098
2510,252,36
2511,253,0
2512,253,0
2513,253,0
2514,253,0
2515,251,69
2516,252,23
2517,253,0
2518,253,0
2519,253,9
2520,253,4
2521,247,249
2522,249,154
2523,252,13
2524,252,35
2525,253,0
2526,216,1662
2527,253,0
2528,253,0
2529,253,4
2530,252,19
2531,247,242
2532,253,8
2533,253,0
2534,252,26
2535,252,36
2536,252,28
2537,252,25
2538,253,5
2539,253,0
2540,252,45
2541,252,49
2542,239,584
2543,249,165
2544,251,92
2545,247,240
2546,253,0
2547,253,3
2548,252,11
2549,253,0
2550,243,413
2551,253,0
2552,253,0
2553,236,743
2554,253,0
2555,253,0
2556,245,336
2557,252,25
2558,235,763
2559,253,6
2560,253,0
2561,253,0
2562,251,62
2563,252,19
2564,253,6
2565,253,0
2566,253,0
2567,252,32
2568,253,0
2569,251,53
2570,253,5
2571,252,32
2572,251,53
2573,253,4
2574,252,51
2575,252,11
2576,248,192
2577,253,0
2578,253,0
2579,252,13
2580,253,9
2581,252,19
2582,253,0
2583,253,0
2584,253,0
2585,253,0
2586,253,3
2587,252,11
2588,253,0
2589,249,141
2590,252,43
2591,253,0
2592,253,0
2593,251,80
2594,252,13
2595,252,36
2596,253,0
2597,253,0
2598,253,0
2599,252,13
2600,253,0
2601,253,0
2602,253,9
2603,251,62
2604,252,26
2605,253,0
2606,252,51
2607,253,4
2608,253,0
2609,253,0
2610,183,3417
2611,247,229
2612,251,58
2613,248,182
2614,253,0
2615,253,0
2616,252,42
2617,252,11
2618,253,0
2619,116,8266
2620,253,0
2621,253,0
2622,251,69
2623,253,0
2624,252,11
2625,253,0
2626,248,189
2627,239,603
2628,249,179
2629,248,213
2630,252,13
2631,252,26
2632,248,222
2633,253,5
2634,252,18
2635,245,319
2636,251,53
2637,252,16
2638,253,3
2639,253,0
2640,253,9
2641,253,0
2642,253,0
2643,252,11
2644,253,9
2645,253,0
2646,253,0
2647,253,0
2648,251,64
2649,252,38
2650,253,0
2651,253,0
2652,253,0
2653,252,32
2654,253,0
2655,253,0
2656,251,53
2657,249,159
2658,253,0
2659,252,21
2660,252,21
2661,253,0
2662,253,0
2663,253,0
2664,242,459
2665,253,0
2666,216,1650
2667,250,110
2668,253,9
2669,253,3
2670,253,0
2671,252,30
2672,246,306
2673,252,13
2674,252,24
2675,253,0
2676,253,0
2677,253,0
2678,252,40
2679,253,0
2680,252,26
2681,253,0
2682,253,4
2683,253,0
2684,244,370
2685,252,41
2686,253,0
2687,253,3
2688,253,0
2689,253,0
2690,253,0
2691,253,0
2692,253,0
2693,253,0
2694,253,9
2695,253,0
2696,252,13
2697,252,51
2698,253,0
2699,253,0
2700,252,13
2701,253,9
2702,242,482
2703,253,0
2704,253,0
2705,253,0
2706,253,0
2707,253,0
2708,253,0
2709,253,0
2710,247,250
2711,253,6
2712,245,319
2713,252,32
2714,253,5
2715,253,0
2716,252,42
2717,253,5
2718,253,0
2719,253,6
2720,252,13
2721,252,34
2722,253,0
2723,252,19
2724,253,0
2725,251,58
2726,252,25
2727,244,354
2728,252,24
2729,253,0
2730,248,189
2731,253,0
2732,249,152
2733,252,36
2734,253,0
2735,253,0
2736,253,0
2737,253,0
2738,253,0
2739,252,16
2740,250,118
2741,250,124
2742,251,69
2743,252,19
2744,253,0
2745,252,25
2746,253,3
2747,253,0
2748,252,32
2749,253,0
2750,253,9
2751,245,328
2752,127,7301
2753,253,0
2754,240,537
2755,253,0
2756,252,26
2757,253,0
2758,253,0
2759,252,43
2760,251,60
2761,252,17
2762,253,5
2763,253,0
2764,251,79
2765,253,0
2766,253,6
2767,253,0
2768,253,9
2769,253,0
2770,252,52
2771,252,26
2772,253,6
2773,246,291
2774,252,13
2775,253,0
2776,242,441
2777,253,9
2778,252,43
2779,251,80
2780,251,81
2781,252,22
2782,253,3
2783,253,0
2784,253,0
2785,252,43
2786,253,0
2787,253,0
2788,253,0
2789,253,8
2790,251,94
2791,252,11
2792,252,13
2793,250,116
2794,253,0
2795,253,0
2796,253,0
2797,252,32
2798,253,0
2799,252,11
2800,253,0
2801,253,0
2802,251,64
2803,253,0
2804,253,0
2805,252,26
2806,253,6
2807,237,664
2808,253,0
2809,248,219
2810,253,0
2811,150,5536
2812,250,130
2813,252,13
2814,250,120
2815,244,387
2816,253,6
2817,245,319
2818,251,72
2819,253,0
2820,253,0
2821,219,1533
2822,253,0
2823,252,17
2824,252,11
2825,245,320
2826,235,788
2827,253,0
2828,249,162
2829,253,9
2830,253,0
2831,253,0
2832,247,237
2833,250,115
2834,251,72
2835,253,5
2836,251,71
2837,253,0
2838,253,0
2839,253,0
2840,252,34
2841,250,116
2842,252,13
2843,253,0
2844,200,2504
2845,252,38
2846,253,0
2847,252,22
2848,253,0
2849,252,38
2850,253,0
2851,198,2595
2852,252,11
2853,253,0
2854,140,6287
2855,253,0
2856,251,77
2857,252,32
2858,251,63
2859,253,0
2860,252,44
2861,251,90
2862,253,0
2863,248,186
2864,252,36
2865,253,0
2866,30,22720
2867,253,0
2868,253,9
2869,253,0
2870,235,752
2871,253,0
2872,253,6
2873,253,0
2874,253,0
2875,253,0
2876,253,0
2877,253,0
2878,251,72
2879,252,27
2880,253,4
2881,247,265
2882,253,0
2883,253,0
2884,253,6
2885,253,0
2886,249,140
2887,253,0
2888,251,80
2889,251,64
2890,253,0
2891,253,0
2892,240,558
2893,253,0
2894,241,505
2895,253,0
2896,252,24
2897,248,213
2898,253,5
2899,252,19
2900,237,664
2901,245,320
2902,252,11
2903,253,0
2904,253,0
2905,253,0
2906,253,5
2907,251,53
2908,253,0
2909,253,0
2910,253,3
2911,248,219
2912,253,9
2913,253,0
2914,253,0
2915,253,0
2916,251,76
2917,252,44
2918,253,0
2919,238,639
2920,253,9
2921,251,58
2922,253,0
2923,252,21
2924,253,0
2925,253,0
2926,253,3
2927,251,79
2928,253,0
2929,253,0
2930,253,0
2931,253,0
2932,253,4
2933,253,0
2934,253,0
2935,252,42
2936,253,0
2937,252,39
2938,253,0
2939,253,0
2940,253,9
2941,253,0
2942,253,0
2943,251,53
2944,253,0
2945,253,0
2946,250,115
2947,253,0
2948,252,25
2949,253,0
2950,252,11
2951,251,92
2952,253,0
2953,251,76
2954,252,26
2955,251,80
2956,253,0
2957,253,4
2958,251,65
2959,253,0
2960,252,18
2961,252,21
2962,253,0
2963,253,0
2964,217,1640
2965,247,232
2966,252,22
2967,253,3
2968,252,16
2969,253,0
2970,252,13
2971,253,0
2972,253,6
2973,235,756
2974,252,26
2975,253,6
2976,252,22
2977,253,0
2978,253,0
2979,252,27
2980,253,0
2981,252,11
2982,251,64
2983,253,0
2984,242,479
2985,245,328
2986,251,94
2987,253,0
2988,253,0
2989,253,4
2990,252,43
2991,235,777
2992,253,6
2993,253,0
2994,253,4
2995,253,0
2996,205,2204
2997,252,45
2998,253,0
2999,235,769
3000,251,58
3001,253,0
3002,252,31
3003,253,9
3004,252,38
3005,250,103
3006,253,0
3007,248,195
3008,253,6
3009,252,51
3010,252,38
3011,252,17
3012,252,17
3013,253,5
3014,253,0
3015,253,0
3016,253,0
3017,252,26
3018,253,5
3019,252,26
3020,253,0
3021,252,40
3022,253,0
3023,253,0
3024,253,0
3025,253,0
3026,252,25
3027,252,36
3028,253,0
3029,252,17
3030,253,0
3031,253,0
3032,241,490
3033,252,42
3034,253,0
3035,253,0
3036,250,111
3037,250,110
3038,252,26
3039,252,50
3040,253,0
3041,253,0
3042,253,0
3043,252,13
3044,252,26
3045,252,51
3046,253,0
3047,252,17
3048,251,80
3049,252,38
3050,253,9
3051,251,79
3052,251,80
3053,253,0
3054,253,0
3055,253,0
3056,245,335
3057,253,0
3058,252,13
3059,252,13
3060,252,39
3061,253,0
3062,250,104
3063,253,0
3064,252,12
3065,252,21
3066,253,0
3067,252,39
3068,236,748
3069,252,24
3070,252,22
3071,251,89
3072,253,0
3073,252,17
3074,252,17
3075,253,0
3076,235,779
3077,253,0
3078,253,9
3079,251,80
3080,253,0
3081,253,0
3082,252,47
3083,253,9
3084,251,58
3085,238,655
3086,252,26
3087,252,13
3088,249,141
3089,252,11
3090,252,23
3091,252,42
3092,238,647
3093,253,0
3094,253,0
3095,244,378
3096,250,130
3097,253,0
3098,251,53
3099,253,0
3100,253,3
3101,252,18
3102,250,127
3103,253,0
3104,252,30
3105,253,0
3106,253,5
3107,253,0
3108,252,26
3109,239,584
3110,250,124
3111,253,0
3112,253,8
3113,220,1499
3114,253,3
3115,236,738
3116,252,43
3117,253,0
3118,252,13
3119,253,0
3120,217,1639
3121,250,128
3122,250,108
3123,250,131
3124,253,0
3125,253,9
3126,253,7
3127,253,0
3128,253,8
3129,251,69
3130,253,0
3131,248,190
3132,253,0
3133,248,204
3134,252,25
3135,253,0
3136,253,0
3137,253,0
3138,252,45
3139,253,0
3140,253,0
3141,249,169
3142,253,0
3143,253,0
3144,245,320
3145,240,543
3146,253,0
3147,253,0
3148,253,0
3149,253,0
3150,253,6
3151,252,13
3152,253,0
3153,253,0
3154,253,0
3155,253,3
3156,252,11
3157,251,86
3158,251,94
3159,251,79
3160,253,0
3161,253,0
3162,252,13
3163,253,0
3164,251,58
3165,253,0
3166,251,80
3167,252,21
3168,252,36
3169,253,0
3170,253,0
3171,235,756
3172,252,28
3173,253,8
3174,252,38
3175,253,0
3176,253,0
3177,252,11
3178,253,0
3179,253,3
3180,250,115
3181,253,4
3182,252,45
3183,253,0
3184,253,0
3185,250,119
3186,252,41
3187,253,0
3188,253,0
3189,253,6
3190,253,0
3191,253,0
3192,253,0
3193,252,36
3194,253,0
3195,253,0
3196,253,0
3197,247,235
3198,252,13
3199,251,59
3200,253,0
3201,252,11
3202,253,7
3203,253,9
3204,252,39
3205,253,9
3206,252,21
3207,253,0
3208,241,506
3209,253,0
3210,253,0
3211,252,26
3212,248,213
3213,252,13
3214,253,0
3215,251,71
3216,253,0
3217,253,0
3218,251,79
3219,253,0
3220,253,0
3221,253,0
3222,253,0
3223,252,38
3224,253,0
3225,253,0
3226,253,0
3227,253,3
3228,242,467
3229,253,8
3230,251,61
3231,252,13
3232,253,3
3233,253,0
3234,253,0
3235,252,21
3236,234,828
3237,252,21
3238,252,38
3239,253,0
3240,252,43
3241,253,0
3242,253,0
3243,251,88
3244,252,25
3245,253,0
3246,253,0
3247,252,13
3248,235,785
3249,252,28
3250,253,0
3251,252,11
3252,158,5020
3253,252,41
3254,252,34
3255,252,43
3256,252,26
3257,253,8
3258,252,21
3259,253,0
3260,253,3
3261,252,11
3262,252,35
3263,251,58
3264,253,0
3265,252,26
3266,253,9
3267,253,0
3268,252,25
3269,252,27
3270,252,26
3271,251,55
3272,253,0
3273,252,21
3274,253,0
3275,250,110
3276,252,38
3277,253,0
3278,253,0
3279,253,0
3280,253,0
3281,253,0
3282,246,268
3283,252,49
3284,252,51
3285,252,11
3286,252,11
3287,250,115
3288,252,21
3289,248,186
3290,253,0
3291,253,0
3292,253,0
3293,252,26
3294,252,26
3295,251,66
3296,249,160
3297,252,24
3298,253,0
3299,253,0
3300,253,0
3301,251,70
3302,252,39
3303,253,0
3304,247,226
3305,253,0
3306,253,0
3307,253,3
3308,253,0
3309,253,6
3310,247,230
3311,244,356
3312,245,346
3313,253,0
3314,248,185
3315,253,0
3316,253,0
3317,252,32
3318,251,59
3319,253,0
3320,252,41
3321,175,3926
3322,206,2160
3323,251,88
3324,253,0
3325,253,0
3326,253,0
3327,227,1134
3328,253,0
3329,250,122
3330,253,0
3331,252,26
3332,253,0
3333,248,181
3334,252,30
3335,253,0
3336,253,0
3337,252,26
3338,252,19
3339,253,0
3340,251,86
3341,253,0
3342,253,0
3343,251,66
3344,253,0
3345,251,80
3346,251,61
3347,251,80
3348,253,3
3349,253,0
3350,239,612
3351,252,17
3352,253,0
3353,253,7
3354,252,51
3355,253,0
3356,253,0
3357,236,728
3358,253,0
3359,253,6
3360,250,95
3361,253,0
3362,248,216
3363,251,70
3364,252,21
3365,252,25
3366,253,0
3367,252,24
3368,252,17
3369,252,39
3370,253,0
3371,252,25
3372,253,0
3373,248,191
3374,253,0
3375,253,0
3376,253,0
3377,251,58
3378,253,3
3379,119,8054
3380,253,0
3381,251,58
3382,253,0
3383,247,240
3384,253,0
3385,253,0
3386,253,8
3387,253,4
3388,236,743
3389,253,0
3390,253,3
3391,253,0
3392,252,17
3393,253,0
3394,250,104
3395,246,271
3396,253,0
3397,237,687
3398,253,0
3399,252,25
3400,243,419
3401,251,53
3402,253,0
3403,251,64
3404,252,11
3405,253,0
3406,252,46
3407,252,26
3408,249,160
3409,253,4
3410,253,0
3411,253,0
3412,250,135
3413,253,5
3414,253,0
3415,253,0
3416,252,38
3417,253,0
3418,253,0
3419,252,41
3420,253,0
3421,253,0
3422,252,26
3423,253,0
3424,252,21
3425,253,0
3426,252,32
3427,252,26
3428,251,53
3429,253,0
3430,253,8
3431,253,0
3432,249,173
3433,252,19
3434,253,0
3435,245,346
3436,252,26
3437,253,0
3438,253,0
3439,251,64
3440,253,6
3441,251,69
3442,241,522
3443,253,0
3444,252,15
3445,252,32
3446,252,41
3447,253,0
3448,252,32
3449,253,0
3450,253,0
3451,253,0
3452,252,21
3453,252,11
3454,253,0
3455,253,4
3456,253,0
3457,253,9
3458,252,35
3459,251,72
3460,253,0
3461,248,183
3462,253,0
3463,253,0
3464,252,28
3465,252,16
3466,252,43
3467,253,6
3468,253,0
3469,250,127
3470,253,0
3471,253,4
3472,240,529
3473,251,61
3474,253,0
3475,253,0
3476,252,42
3477,251,94
3478,253,0
3479,253,0
3480,253,0
3481,253,0
3482,253,0
3483,253,0
3484,251,58
3485,253,0
3486,253,0
3487,253,3
3488,245,324
3489,253,0
3490,251,93
3491,248,181
3492,253,0
3493,253,0
3494,252,11
3495,252,16
3496,252,51
3497,253,0
3498,253,9
3499,253,0
3500,253,0
3501,241,516
3502,253,0
3503,252,36
3504,252,17
3505,253,0
3506,249,139
3507,251,58
3508,251,78
3509,250,105
3510,252,26
3511,253,0
3512,252,13
3513,252,13
3514,215,1718
3515,253,6
3516,248,188
3517,252,13
3518,253,0
3519,250,101
3520,252,39
3521,239,604
3522,253,0
3523,252,43
3524,252,17
3525,253,0
3526,252,19
3527,245,336
3528,217,1600
3529,253,3
3530,252,21
3531,252,47
3532,252,21
3533,252,26
3534,252,21
3535,253,0
3536,213,1821
3537,253,0
3538,252,11
3539,253,0
3540,252,11
3541,253,9
3542,253,0
3543,252,25
3544,249,160
3545,253,0
3546,251,94
3547,252,17
3548,253,0
3549,252,28
3550,248,222
3551,203,2346
3552,251,76
3553,252,22
3554,253,0
3555,253,0
3556,252,32
3557,253,0
3558,252,32
3559,253,0
3560,252,17
3561,252,11
3562,253,9
3563,253,0
3564,252,26
3565,243,426
3566,253,8
3567,253,8
3568,252,13
3569,251,70
3570,253,8
3571,245,339
3572,252,11
3573,249,160
3574,253,0
3575,252,11
3576,252,11
3577,252,26
3578,253,0
3579,252,22
3580,253,0
3581,248,204
3582,253,0
3583,250,106
3584,253,0
3585,253,0
3586,249,163
3587,252,15
3588,253,0
3589,252,40
3590,253,0
3591,253,0
3592,253,0
3593,250,104
3594,241,498
3595,19,27341
3596,221,1437
3597,253,0
3598,253,0
3599,253,0
3600,252,14
3601,252,13
3602,253,0
3603,253,0
3604,253,0
3605,252,32
3606,253,0
3607,251,56
3608,253,5
3609,253,0
3610,248,223
3611,253,0
3612,253,0
3613,253,0
3614,252,51
3615,253,0
3616,253,0
3617,253,0
3618,251,59
3619,253,0
3620,252,25
3621,251,94
3622,252,26
3623,252,32
3624,248,219
3625,253,0
3626,253,0
3627,248,207
3628,251,87
3629,253,0
3630,253,0
3631,253,0
3632,253,0
3633,252,17
3634,252,11
3635,253,0
3636,253,4
3637,250,108
3638,251,85
3639,252,26
3640,250,116
3641,250,95
3642,253,0
3643,253,0
3644,253,0
3645,253,0
3646,253,0
3647,250,136
3648,252,30
3649,252,17
3650,253,0
3651,253,0
3652,253,0
3653,252,13
3654,253,6
3655,235,760
3656,252,34
3657,253,0
3658,251,92
3659,253,0
3660,253,4
3661,251,70
3662,252,16
3663,253,0
3664,235,776
3665,253,0
3666,237,668
3667,253,0
3668,253,0
3669,253,0
3670,233,852
3671,252,28
3672,253,0
3673,253,0
3674,253,9
3675,253,0
3676,251,80
3677,244,358
3678,253,0
3679,252,52
3680,253,0
3681,253,4
3682,253,0
3683,253,0
3684,253,0
3685,243,412
3686,251,69
3687,252,26
3688,253,9
3689,253,0
3690,253,0
3691,253,0
3692,250,99
3693,253,0
3694,253,0
3695,244,394
3696,253,0
3697,252,13
3698,252,43
3699,251,85
3700,251,64
3701,234,826
3702,249,160
3703,253,0
3704,253,0
3705,253,0
3706,253,0
3707,253,3
3708,253,5
3709,253,9
3710,252,13
3711,253,0
3712,251,53
3713,248,213
3714,253,0
3715,250,109
3716,252,11
3717,252,25
3718,251,57
3719,252,16
3720,253,0
3721,253,0
3722,252,22
3723,253,0
3724,251,57
3725,253,0
3726,253,0
3727,252,30
3728,249,171
3729,253,0
3730,253,0
3731,253,0
3732,253,0
3733,252,13
3734,253,0
3735,252,30
3736,253,0
3737,249,142
3738,253,0
3739,253,0
3740,253,6
3741,253,3
3742,252,40
3743,252,48
3744,253,0
3745,253,0
3746,252,13
3747,253,0
3748,253,4
3749,253,0
3750,252,26
3751,253,0
3752,253,0
3753,253,0
3754,251,92
3755,241,513
3756,249,176
3757,252,30
3758,253,0
3759,253,0
3760,253,0
3761,252,28
3762,253,0
3763,253,0
3764,252,13
3765,252,23
3766,212,1867
3767,253,0
3768,253,9
3769,253,4
3770,230,981
3771,252,11
3772,253,0
3773,251,80
3774,252,26
3775,251,69
3776,253,9
3777,253,0
3778,253,0
3779,253,0
3780,253,0
3781,253,0
3782,251,58
3783,253,0
3784,253,0
3785,241,513
3786,253,3
3787,252,13
3788,252,19
3789,253,0
3790,253,0
3791,253,0
3792,253,0
3793,253,0
3794,253,0
3795,253,0
3796,247,246
3797,252,12
3798,253,0
3799,253,0
3800,253,0
3801,253,0
3802,253,0
3803,253,0
3804,253,4
3805,253,9
3806,220,1495
3807,252,17
3808,253,0
3809,253,3
3810,253,0
3811,253,0
3812,253,0
3813,252,11
3814,252,26
3815,250,95
3816,253,4
3817,253,0
3818,253,0
3819,238,640
3820,252,13
3821,253,0
3822,253,0
3823,250,116
3824,252,20
3825,251,94
3826,253,0
3827,253,0
3828,253,0
3829,253,0
3830,253,0
3831,204,2268
3832,253,3
3833,253,0
3834,253,0
3835,182,3517
3836,253,0
3837,241,505
3838,253,0
3839,253,0
3840,253,0
3841,248,216
3842,242,479
3843,253,0
3844,253,0
3845,252,17
3846,253,0
3847,253,0
3848,253,0
3849,233,881
3850,253,6
3851,252,11
3852,252,19
3853,252,13
3854,253,0
3855,250,114
3856,247,225
3857,240,544
3858,253,0
3859,253,0
3860,253,0
3861,252,47
3862,253,6
3863,252,19
3864,253,0
3865,253,0
3866,252,34
3867,253,0
3868,249,177
3869,253,0
3870,251,58
3871,253,0
3872,248,206
3873,253,0
3874,235,768
3875,252,25
3876,252,29
3877,253,0
3878,252,31
3879,253,0
3880,253,0
3881,226,1186
3882,253,0
3883,253,0
3884,252,19
3885,253,0
3886,252,26
3887,247,249
3888,253,0
3889,253,0
3890,252,25
3891,253,0
3892,253,0
3893,253,9
3894,253,0
3895,252,43
3896,253,0
3897,253,0
3898,253,0
3899,252,28
3900,253,0
3901,253,0
3902,253,4
3903,252,25
3904,252,26
3905,252,36
3906,252,26
3907,250,111
3908,253,0
3909,253,0
3910,252,43
3911,232,919
3912,252,15
3913,253,0
3914,253,0
3915,253,0
3916,252,36
3917,253,0
3918,252,26
3919,253,0
3920,253,0
3921,253,0
3922,253,0
3923,253,0
3924,252,11
3925,246,278
3926,253,0
3927,253,0
3928,240,556
3929,253,0
3930,251,82
3931,253,0
3932,253,0
3933,250,128
3934,253,0
3935,253,0
3936,253,0
3937,252,26
3938,252,46
3939,252,51
3940,245,338
3941,251,69
3942,253,0
3943,243,398
3944,253,5
3945,252,38
3946,253,6
3947,253,0
3948,253,0
3949,251,88
3950,252,17
3951,252,35
3952,252,36
3953,251,79
3954,230,1003
3955,252,11
3956,252,13
3957,251,94
3958,253,0
3959,253,9
3960,253,0
3961,229,1032
3962,253,0
3963,253,3
3964,253,0
3965,252,41
3966,253,0
3967,244,370
3968,253,0
3969,253,0
3970,252,30
3971,253,0
3972,253,0
3973,253,8
3974,252,26
3975,251,75
3976,235,752
3977,252,44
3978,229,1062
3979,247,255
3980,253,0
3981,252,47
3982,253,0
3983,253,0
3984,253,0
3985,252,16
3986,252,17
3987,241,494
3988,253,0
3989,249,163
3990,253,0
3991,252,11
3992,252,11
3993,253,0
3994,253,0
3995,253,0
3996,253,0
3997,251,80
3998,253,9
3999,253,0
4000,252,13
